"trial","gen","predicted.value","std.error","status"
"ID_2020","1",3.56640117005859,0.194457533689465,"Estimable"
"ID_2020","2",3.93543043599275,0.194386192901744,"Estimable"
"ID_2020","3",3.979361625851,0.196502541995867,"Estimable"
"ID_2020","4",3.7537406831169,0.196291314081945,"Estimable"
"ID_2020","5",3.71623429561881,0.194799330584104,"Estimable"
"ID_2020","6",3.70608202010513,0.194258653873238,"Estimable"
"ID_2020","7",3.22892930665004,0.204748620015518,"Estimable"
"ID_2020","8",3.66658064941874,0.196383073235054,"Estimable"
"ID_2020","9",3.42477650997051,0.194386185384112,"Estimable"
"ID_2020","10",3.59628104763227,0.196436776932258,"Estimable"
"ID_2020","11",3.58722166946337,0.196043330584844,"Estimable"
"ID_2020","12",3.35380800725388,0.195406933108166,"Estimable"
"ID_2020","13",3.58480596711367,0.195225751811659,"Estimable"
"ID_2020","14",3.42818463959287,0.194741544376571,"Estimable"
"ID_2020","15",3.3689677373959,0.19409282400151,"Estimable"
"ID_2020","16",3.62865615016811,0.200041919648664,"Estimable"
"ID_2020","17",3.59272051293794,0.19644821523729,"Estimable"
"ID_2020","18",3.82776254034378,0.196186165621599,"Estimable"
"ID_2020","19",3.67480359974115,0.196376089231836,"Estimable"
"ID_2020","20",3.72848742995721,0.195915101481925,"Estimable"
"ID_2020","21",3.61994927306678,0.195984414793182,"Estimable"
"ID_2020","22",3.40503491862834,0.198029806181401,"Estimable"
"ID_2020","23",3.56735764867735,0.198371402040195,"Estimable"
"ID_2020","24",3.56834496043285,0.196303209177003,"Estimable"
"ID_2020","25",3.48389906563972,0.196494449685482,"Estimable"
"ID_2020","26",3.90692535535762,0.19656461545919,"Estimable"
"ID_2020","27",3.61867901531493,0.194467494126077,"Estimable"
"ID_2020","28",3.6148412350898,0.194188517067774,"Estimable"
"ID_2020","29",3.40123379690996,0.196170711513339,"Estimable"
"ID_2020","30",3.57561597778442,0.196240700213709,"Estimable"
"ID_2020","31",3.43354705892412,0.196076558393579,"Estimable"
"ID_2020","32",3.45384818063005,0.19620811918307,"Estimable"
"ID_2020","33",3.19040218753786,0.194277664840482,"Estimable"
"ID_2020","34",3.45870477280258,0.19824146341732,"Estimable"
"ID_2020","35",3.29066147015718,0.194608800888284,"Estimable"
"ID_2020","36",3.07947947119701,0.205081419176827,"Estimable"
"ID_2020","37",3.40619458428275,0.195245628467471,"Estimable"
"ID_2020","38",3.41817968150484,0.194478959641299,"Estimable"
"ID_2020","39",3.43464050109525,0.19797782238133,"Estimable"
"ID_2020","40",3.77919963133703,0.200320433838479,"Estimable"
"ID_2020","41",3.67414430351742,0.196467046138031,"Estimable"
"ID_2020","42",3.48153660370166,0.196456233547723,"Estimable"
"ID_2020","43",3.46401443115245,0.200312878959945,"Estimable"
"ID_2020","44",3.43591639860631,0.200198049110789,"Estimable"
"ID_2020","45",3.59705440021792,0.196027861466184,"Estimable"
"ID_2020","46",3.67634199452301,0.196337833949969,"Estimable"
"ID_2020","47",3.21366709601991,0.204901984470024,"Estimable"
"ID_2020","48",3.7631033660842,0.200212012561851,"Estimable"
"ID_2020","49",3.50309194950636,0.195976671687239,"Estimable"
"ID_2020","50",3.20083182465448,0.196344861729229,"Estimable"
"ID_2020","51",3.65862484392724,0.200158942479542,"Estimable"
"ID_2020","52",3.60427030624538,0.195329889985561,"Estimable"
"ID_2020","53",3.40604646690145,0.19440155015905,"Estimable"
"ID_2020","54",3.60832781480555,0.194145679477434,"Estimable"
"ID_2020","55",3.60043045585824,0.196078970519718,"Estimable"
"ID_2020","56",3.58325210109722,0.19805880194615,"Estimable"
"ID_2020","57",3.02389755521375,0.204866648272614,"Estimable"
"ID_2020","58",3.44895949047718,0.195299958193503,"Estimable"
"ID_2020","59",3.23774461676638,0.194467990610839,"Estimable"
"ID_2020","60",3.53750666613332,0.195994917578269,"Estimable"
"ID_2020","61",3.42345582134729,0.198058803252594,"Estimable"
"ID_2020","62",3.72853573166636,0.195086637856782,"Estimable"
"ID_2020","63",3.49667817912028,0.194390236163665,"Estimable"
"ID_2020","64",3.54564139144937,0.196383078342996,"Estimable"
"ID_2020","65",3.39892388216944,0.205460370049886,"Estimable"
"ID_2020","66",3.60898331342702,0.194986243739122,"Estimable"
"ID_2020","67",3.40834732463189,0.196427268925763,"Estimable"
"ID_2020","68",3.57697169103563,0.194041527478942,"Estimable"
"ID_2020","69",3.91326091799862,0.196400959849446,"Estimable"
"ID_2020","70",3.62431806508527,0.19447033809321,"Estimable"
"ID_2020","71",3.58856205963668,0.205232202455898,"Estimable"
"ID_2020","72",3.69832283123139,0.200202184092181,"Estimable"
"ID_2020","73",3.86989613160565,0.194408979658432,"Estimable"
"ID_2020","74",3.71199199498533,0.196391913500741,"Estimable"
"ID_2020","75",3.35349779517978,0.196197119953439,"Estimable"
"ID_2020","76",3.20639501683981,0.198231631955068,"Estimable"
"ID_2020","77",3.28446766491659,0.195245455077483,"Estimable"
"ID_2020","78",3.57624952787609,0.200286024732046,"Estimable"
"ID_2020","79",3.3245481993468,0.194820433954411,"Estimable"
"ID_2020","80",3.67969600734841,0.200502872021299,"Estimable"
"ID_2020","81",3.54740892092126,0.195882307474183,"Estimable"
"ID_2020","82",3.74299577714487,0.195345274695398,"Estimable"
"ID_2020","83",3.61022303766821,0.196252711899152,"Estimable"
"ID_2020","84",3.89283086013484,0.19621128616855,"Estimable"
"ID_2020","85",3.27940889378343,0.194460442377046,"Estimable"
"ID_2020","86",3.37652059081419,0.194360403483965,"Estimable"
"ID_2020","87",3.61938779559572,0.198370964867245,"Estimable"
"ID_2020","88",3.20963233055175,0.20481645432547,"Estimable"
"ID_2020","89",3.73919865342987,0.194420801797907,"Estimable"
"ID_2020","90",3.18450860354516,0.194255051683843,"Estimable"
"ID_2020","91",3.63381317353792,0.200365248912708,"Estimable"
"ID_2020","92",3.65534937820517,0.194100406473073,"Estimable"
"ID_2020","93",3.1732552719497,0.204921401592841,"Estimable"
"ID_2020","94",3.47279796787533,0.196088810288372,"Estimable"
"ID_2020","95",3.50946487424435,0.195530415556364,"Estimable"
"ID_2020","96",3.74094862914187,0.196348479303712,"Estimable"
"ID_2020","97",3.45730117007162,0.198027134155527,"Estimable"
"ID_2020","98",3.48535081346496,0.195255637551125,"Estimable"
"ID_2020","99",3.43856496999623,0.196435871241034,"Estimable"
"ID_2020","100",3.37162038635866,0.194037506577922,"Estimable"
"ID_2020","101",3.66943555813315,0.195177640098982,"Estimable"
"ID_2020","102",3.65634022521469,0.194023023488611,"Estimable"
"ID_2020","103",3.70696662954927,0.200440013968034,"Estimable"
"ID_2020","104",3.69375638719609,0.200299388972813,"Estimable"
"ID_2020","105",3.48664159738272,0.244730613634473,"Estimable"
"ID_2020","106",3.55417510826507,0.194725423652084,"Estimable"
"ID_2020","107",3.28851311085687,0.205007026327219,"Estimable"
"ID_2020","108",3.45078071595539,0.196387120073446,"Estimable"
"ID_2020","109",3.56977115261318,0.195994869048587,"Estimable"
"ID_2020","110",3.73368195386512,0.200058084841222,"Estimable"
"ID_2020","111",3.55260044642345,0.198271989909767,"Estimable"
"ID_2020","112",3.61127081313484,0.196423372097157,"Estimable"
"ID_2020","113",3.4340326332437,0.205232737448302,"Estimable"
"ID_2020","114",3.67715639385776,0.196166880569686,"Estimable"
"ID_2020","115",3.52495003038923,0.194370770074078,"Estimable"
"ID_2020","116",3.49606278091427,0.19522960376359,"Estimable"
"ID_2020","117",3.67519215000295,0.196335012238351,"Estimable"
"ID_2020","118",3.49808289106843,0.194816376883244,"Estimable"
"ID_2020","119",3.66815911861067,0.194661649773313,"Estimable"
"ID_2020","120",3.49129520754495,0.196045624780633,"Estimable"
"ID_2020","121",3.35898816074343,0.194485316918506,"Estimable"
"ID_2020","122",3.85639246884343,0.194408755733263,"Estimable"
"ID_2020","123",3.48109542446216,0.194490597062742,"Estimable"
"ID_2020","124",3.42621195575336,0.195492785412001,"Estimable"
"ID_2020","125",3.46456320720274,0.194528287320295,"Estimable"
"ID_2020","126",3.34267539707004,0.194143776588763,"Estimable"
"ID_2020","127",3.50178809430332,0.196405149483557,"Estimable"
"ID_2020","128",3.4140256122906,0.195463267499392,"Estimable"
"ID_2020","129",3.35347437539425,0.198108525626896,"Estimable"
"ID_2020","130",3.45802561548881,0.20045773569024,"Estimable"
"ID_2020","131",3.77761146338002,0.194370734186048,"Estimable"
"ID_2020","132",3.60564214371865,0.200048483504428,"Estimable"
"ID_2020","133",3.67473120046316,0.196417129303989,"Estimable"
"ID_2020","134",3.52770038706934,0.196009897625077,"Estimable"
"ID_2020","135",3.47198921570843,0.244798427976942,"Estimable"
"ID_2020","136",3.57069102523676,0.195148561873978,"Estimable"
"ID_2020","137",3.38785927296372,0.196237007340298,"Estimable"
"ID_2020","138",3.45512423105997,0.194753152235517,"Estimable"
"ID_2020","139",3.55953453454783,0.195245481294294,"Estimable"
"ID_2020","140",3.43801174799311,0.204991853695658,"Estimable"
"ID_2020","141",3.85602985850153,0.196104420639347,"Estimable"
"ID_2020","142",3.38878016347997,0.195184272887117,"Estimable"
"ID_2020","143",3.41814323347104,0.19602166964751,"Estimable"
"ID_2020","144",3.36697051271292,0.194007371191575,"Estimable"
"ID_2020","145",3.57910350577001,0.196544574035171,"Estimable"
"ID_2020","146",3.55886455772959,0.196296327107822,"Estimable"
"ID_2020","147",3.61260396982368,0.196007281178055,"Estimable"
"ID_2020","148",3.4901762840064,0.194476701026534,"Estimable"
"ID_2020","149",3.46296044362616,0.194047622459417,"Estimable"
"ID_2020","150",3.45983060485122,0.19613679718036,"Estimable"
"ID_2020","151",3.57634082590683,0.196457307737752,"Estimable"
"ID_2020","152",3.4766453059079,0.194365850055043,"Estimable"
"ID_2020","153",3.46442058679443,0.196351886711657,"Estimable"
"ID_2020","154",3.61528258967735,0.200505781942107,"Estimable"
"ID_2020","155",3.46123428171903,0.196030216148524,"Estimable"
"ID_2020","156",3.50564699227597,0.196296121971047,"Estimable"
"ID_2020","157",3.44715585408181,0.197975125128177,"Estimable"
"ID_2020","158",3.32031399923162,0.198278958970504,"Estimable"
"ID_2020","159",3.46737497701027,0.196164275033737,"Estimable"
"ID_2020","160",3.54050565298679,0.194334170106585,"Estimable"
"ID_2020","161",3.39284379962892,0.196408545335317,"Estimable"
"ID_2020","162",3.5692804260328,0.196199722340689,"Estimable"
"ID_2020","163",3.43390508320202,0.196043354353532,"Estimable"
"ID_2020","164",3.15426051096893,0.194148030002368,"Estimable"
"ID_2020","165",3.37282285505296,0.20475878445597,"Estimable"
"ID_2020","166",3.4397238737789,0.200125077434884,"Estimable"
"ID_2020","167",3.62493829045196,0.196249178025085,"Estimable"
"ID_2020","168",3.6144722521003,0.193998684782054,"Estimable"
"ID_2020","169",3.27892790506285,0.198885745971493,"Estimable"
"ID_2020","170",3.29351121382267,0.204907033673995,"Estimable"
"ID_2020","171",3.62080712074666,0.196344706984314,"Estimable"
"ID_2020","172",3.5607893593231,0.198385162558049,"Estimable"
"ID_2020","173",3.33657619030253,0.196073944676168,"Estimable"
"ID_2020","174",3.49058598777909,0.194383877851537,"Estimable"
"ID_2020","175",3.15505855859626,0.194372111393486,"Estimable"
"ID_2020","176",3.42695243512025,0.196337817853313,"Estimable"
"ID_2020","177",3.53343386431334,0.198282088169492,"Estimable"
"ID_2020","178",3.60667335708355,0.200122254241176,"Estimable"
"ID_2020","179",3.36762057646387,0.194044823225995,"Estimable"
"ID_2020","180",3.6755946652612,0.198184053316905,"Estimable"
"ID_2020","181",3.44824759099332,0.194716010476945,"Estimable"
"ID_2020","182",3.25382349667566,0.205023916823105,"Estimable"
"ID_2020","183",3.53478869538304,0.194820430506578,"Estimable"
"ID_2020","184",3.32722364884017,0.204783529792589,"Estimable"
"ID_2020","185",3.59654448052461,0.196166455503388,"Estimable"
"ID_2020","186",3.54141004123324,0.196295444827871,"Estimable"
"ID_2020","187",3.43185781199432,0.198014766000808,"Estimable"
"ID_2020","188",3.64208364536918,0.196697178346762,"Estimable"
"ID_2020","189",3.57293483688193,0.196345117701388,"Estimable"
"ID_2020","190",3.31025503016709,0.204761648435115,"Estimable"
"ID_2020","191",3.50728150395144,0.194511793840807,"Estimable"
"ID_2020","192",3.10217211245962,0.204866260956919,"Estimable"
"ID_2020","193",3.51850694126151,0.194545168543532,"Estimable"
"ID_2020","194",3.49746454151138,0.196059972233317,"Estimable"
"ID_2020","195",3.59313432562281,0.196272735795956,"Estimable"
"ID_2020","196",3.61673770585834,0.194408969135325,"Estimable"
"ID_2020","197",3.51851209629044,0.196324481786982,"Estimable"
"ID_2020","198",3.24791846066415,0.204848513837631,"Estimable"
"ID_2020","201",3.75805077015108,0.0888447437473098,"Estimable"
"ID_2020","202",3.41168395965841,0.0888445754834954,"Estimable"
"OR_2020","1",6.93398740298389,0.283525103755986,"Estimable"
"OR_2020","2",8.05563425864298,0.283452844772254,"Estimable"
"OR_2020","3",7.64310376475762,0.26257061321988,"Estimable"
"OR_2020","4",6.93187424676173,0.267768519357286,"Estimable"
"OR_2020","5",7.24781431900696,0.283757930386322,"Estimable"
"OR_2020","6",7.3040166045681,0.26721664400626,"Estimable"
"OR_2020","7",6.48350613057196,0.26712178255386,"Estimable"
"OR_2020","8",7.29772017533925,0.266890917813267,"Estimable"
"OR_2020","9",7.07230083497889,0.283452844746452,"Estimable"
"OR_2020","10",7.3707923183903,0.266986586304603,"Estimable"
"OR_2020","11",7.46899135254055,0.283553729483869,"Estimable"
"OR_2020","12",5.77150081206766,0.292302089525389,"Estimable"
"OR_2020","13",7.0963440883535,0.262175390495003,"Estimable"
"OR_2020","14",7.33607835546699,0.283718614916149,"Estimable"
"OR_2020","15",7.66967448349436,0.262144433948812,"Estimable"
"OR_2020","16",6.84866747271908,0.266842232016615,"Estimable"
"OR_2020","17",7.4236069750399,0.270546477729291,"Estimable"
"OR_2020","18",7.99355641990946,0.266960941068064,"Estimable"
"OR_2020","19",6.87631058658668,0.292424136011412,"Estimable"
"OR_2020","20",7.61310614209813,0.269426981817294,"Estimable"
"OR_2020","21",7.63164717790765,0.268373448255019,"Estimable"
"OR_2020","22",7.00818822716213,0.27035048574018,"Estimable"
"OR_2020","23",6.89237155723372,0.267038826063958,"Estimable"
"OR_2020","24",7.61251469915577,0.269557659575539,"Estimable"
"OR_2020","25",6.85971876694945,0.268571914658162,"Estimable"
"OR_2020","26",7.9499796264026,0.283656861380272,"Estimable"
"OR_2020","27",6.71951324933276,0.268388729711432,"Estimable"
"OR_2020","28",7.84586738874825,0.270417538841742,"Estimable"
"OR_2020","29",7.06944747429418,0.270408484930885,"Estimable"
"OR_2020","30",7.57231900602804,0.266811589395158,"Estimable"
"OR_2020","31",7.35234097184181,0.269427406957854,"Estimable"
"OR_2020","32",7.05001074810335,0.267165634909769,"Estimable"
"OR_2020","33",6.07616431410319,0.266968618447757,"Estimable"
"OR_2020","34",7.36796202152621,0.267033995787792,"Estimable"
"OR_2020","35",6.56132230012025,0.283628107125976,"Estimable"
"OR_2020","36",6.94656499456226,0.292342344779087,"Estimable"
"OR_2020","37",6.72355992983517,0.267835596992804,"Estimable"
"OR_2020","38",7.62261424728833,0.2703926004418,"Estimable"
"OR_2020","39",7.20489943265656,0.270321089956082,"Estimable"
"OR_2020","40",6.8437241246581,0.26849265926173,"Estimable"
"OR_2020","41",7.84587870211264,0.270580653864657,"Estimable"
"OR_2020","42",7.71021010859001,0.283584973868417,"Estimable"
"OR_2020","43",7.13904493302906,0.283648798413942,"Estimable"
"OR_2020","44",6.69293841467096,0.262203599230876,"Estimable"
"OR_2020","45",6.99748120485888,0.267155271090143,"Estimable"
"OR_2020","46",7.61657466764345,0.267136299053092,"Estimable"
"OR_2020","47",6.96814128371662,0.262217674579586,"Estimable"
"OR_2020","48",7.64719825847384,0.266997547382984,"Estimable"
"OR_2020","49",7.07690696074547,0.262149611598255,"Estimable"
"OR_2020","50",7.26304842862871,0.270486409845881,"Estimable"
"OR_2020","51",7.4969779980467,0.26840581441465,"Estimable"
"OR_2020","52",7.08210905840683,0.26695395185504,"Estimable"
"OR_2020","53",7.46269730858075,0.28348632872638,"Estimable"
"OR_2020","54",7.44444982232399,0.267822165672767,"Estimable"
"OR_2020","55",8.07188222556913,0.266900524860426,"Estimable"
"OR_2020","56",6.44145784433723,0.292134745418842,"Estimable"
"OR_2020","57",6.56025167073555,0.292203794117623,"Estimable"
"OR_2020","58",6.59468570456737,0.292223445343021,"Estimable"
"OR_2020","59",5.94338110588462,0.268369257155048,"Estimable"
"OR_2020","60",7.65808695665598,0.262430603138642,"Estimable"
"OR_2020","61",6.1192203266297,0.292134746340783,"Estimable"
"OR_2020","62",8.93309541599452,0.270312359482088,"Estimable"
"OR_2020","63",6.95446080825049,0.262107226511891,"Estimable"
"OR_2020","64",6.10192468228773,0.266890741315513,"Estimable"
"OR_2020","65",7.35384208060426,0.54913504756873,"Estimable"
"OR_2020","66",7.40014304415081,0.550291552539231,"Estimable"
"OR_2020","67",6.59642649742343,0.262303520465259,"Estimable"
"OR_2020","68",7.55932314826005,0.266833122683393,"Estimable"
"OR_2020","69",7.95463982341121,0.262516632717821,"Estimable"
"OR_2020","70",8.08177449467431,0.269483517446007,"Estimable"
"OR_2020","71",7.70155629507381,0.27061094235415,"Estimable"
"OR_2020","72",6.99880300939719,0.292210452750323,"Estimable"
"OR_2020","73",7.3086524228077,0.266834189757965,"Estimable"
"OR_2020","74",6.61457137971534,0.266961561151941,"Estimable"
"OR_2020","75",7.25658579095234,0.270423854699911,"Estimable"
"OR_2020","76",6.32684593809175,0.262575735779574,"Estimable"
"OR_2020","77",6.69375611348935,0.267835596465659,"Estimable"
"OR_2020","78",6.64814430906027,0.268474560755504,"Estimable"
"OR_2020","79",6.72866054358726,0.268000527632623,"Estimable"
"OR_2020","80",6.77542124627523,0.267345016609812,"Estimable"
"OR_2020","81",7.73623366791236,0.266880279742257,"Estimable"
"OR_2020","82",7.60941791443197,0.270464531281814,"Estimable"
"OR_2020","83",6.45879595967533,0.267076181460957,"Estimable"
"OR_2020","84",7.87537474049848,0.267838527286311,"Estimable"
"OR_2020","85",6.99391253364102,0.262145357486443,"Estimable"
"OR_2020","86",6.11099759344212,0.266825749397617,"Estimable"
"OR_2020","87",8.15430583481982,0.262648070925804,"Estimable"
"OR_2020","88",6.41494132244532,0.262513044354027,"Estimable"
"OR_2020","89",7.10163902626713,0.267098919826149,"Estimable"
"OR_2020","90",6.67968322366005,0.267020986218091,"Estimable"
"OR_2020","91",6.40141289380712,0.292322529958894,"Estimable"
"OR_2020","92",7.71833433817435,0.268367786110585,"Estimable"
"OR_2020","93",6.92700679214231,0.267207574569573,"Estimable"
"OR_2020","94",7.25234644935306,0.268341446852445,"Estimable"
"OR_2020","95",7.68410651445896,0.267133026881693,"Estimable"
"OR_2020","96",7.38618158539457,0.266871452922798,"Estimable"
"OR_2020","97",7.04374021362607,0.283489053474093,"Estimable"
"OR_2020","98",7.14965014043569,0.262527308674142,"Estimable"
"OR_2020","99",6.50929447239613,0.268538861495856,"Estimable"
"OR_2020","100",6.5942983849072,0.262114227435765,"Estimable"
"OR_2020","101",7.12710163179325,0.26248521210108,"Estimable"
"OR_2020","102",7.02147842683382,0.262106320733194,"Estimable"
"OR_2020","103",6.93058083493796,0.267312117926482,"Estimable"
"OR_2020","104",7.14442752113788,0.267908764786416,"Estimable"
"OR_2020","105",6.64903318922939,0.29238177822055,"Estimable"
"OR_2020","106",6.76492555387755,0.267293608776558,"Estimable"
"OR_2020","107",6.70923148216072,0.267250267617019,"Estimable"
"OR_2020","108",7.38891020086835,0.262303499422674,"Estimable"
"OR_2020","109",7.36166847446311,0.262430610656194,"Estimable"
"OR_2020","110",7.61901713208747,0.267779613760861,"Estimable"
"OR_2020","111",7.98810081010104,0.269582442406257,"Estimable"
"OR_2020","112",6.59481778978273,0.262192622112086,"Estimable"
"OR_2020","113",7.29296789441298,0.268035446359193,"Estimable"
"OR_2020","114",7.15448043979855,0.266974654649168,"Estimable"
"OR_2020","115",6.96812847417809,0.262115042816289,"Estimable"
"OR_2020","116",6.90531803308552,0.262513271568646,"Estimable"
"OR_2020","117",7.32734678228328,0.269668899851303,"Estimable"
"OR_2020","118",6.59876346493728,0.292417519946626,"Estimable"
"OR_2020","119",7.58970870463944,0.270480962890578,"Estimable"
"OR_2020","120",6.82626210295527,0.266838958043321,"Estimable"
"OR_2020","121",6.58861958120796,0.268398699181494,"Estimable"
"OR_2020","122",8.11564570602922,0.270330736971667,"Estimable"
"OR_2020","123",8.21228356036665,0.266965371648564,"Estimable"
"OR_2020","124",6.78989976141408,0.283720905014824,"Estimable"
"OR_2020","125",6.34897590513886,0.267160573369267,"Estimable"
"OR_2020","126",7.11776994851498,0.262172326439228,"Estimable"
"OR_2020","127",6.77705641846936,0.267298994991204,"Estimable"
"OR_2020","128",6.12705676481489,0.267029495704074,"Estimable"
"OR_2020","129",6.60654756304096,0.262511865706043,"Estimable"
"OR_2020","130",6.67202503710913,0.283740678686911,"Estimable"
"OR_2020","131",7.87017560547441,0.262115142981411,"Estimable"
"OR_2020","132",6.83261047799414,0.26943945187316,"Estimable"
"OR_2020","133",6.65719850029706,0.267839335331899,"Estimable"
"OR_2020","134",7.74932558614252,0.270315178359799,"Estimable"
"OR_2020","135",6.42002183375785,0.292409190884802,"Estimable"
"OR_2020","136",7.29825747744822,0.283489502250447,"Estimable"
"OR_2020","137",7.50971485166658,0.27042398313126,"Estimable"
"OR_2020","138",7.34633757758502,0.269630000784873,"Estimable"
"OR_2020","139",8.18077786944922,0.267835749803881,"Estimable"
"OR_2020","140",7.80475607097439,0.262596204513324,"Estimable"
"OR_2020","141",7.03017282130142,0.292226734538884,"Estimable"
"OR_2020","142",7.46742881666716,0.269465977007843,"Estimable"
"OR_2020","143",6.82672281619475,0.269488285075905,"Estimable"
"OR_2020","144",6.77595585532726,0.26774196435174,"Estimable"
"OR_2020","145",7.16757701756629,0.267046714326507,"Estimable"
"OR_2020","146",7.56746789763616,0.262570004427549,"Estimable"
"OR_2020","147",6.47052638375442,0.267075839876988,"Estimable"
"OR_2020","148",6.6781028111279,0.26713098030256,"Estimable"
"OR_2020","149",6.79769884253533,0.269429889811536,"Estimable"
"OR_2020","150",6.48421773210008,0.262506203982152,"Estimable"
"OR_2020","151",7.06180407576252,0.269669308787604,"Estimable"
"OR_2020","152",6.82487545918225,0.269402199216362,"Estimable"
"OR_2020","153",6.70163850974378,0.26837493945228,"Estimable"
"OR_2020","154",6.97223573766221,0.27059446746088,"Estimable"
"OR_2020","155",7.44105492546336,0.262449414910556,"Estimable"
"OR_2020","156",7.16202274549107,0.262570004421509,"Estimable"
"OR_2020","157",6.6831037618244,0.267081584686313,"Estimable"
"OR_2020","158",6.7861540274813,0.292290144981844,"Estimable"
"OR_2020","159",7.50261918002705,0.266970397135566,"Estimable"
"OR_2020","160",7.15146492709403,0.266875816758049,"Estimable"
"OR_2020","161",6.80905261534334,0.267972592267315,"Estimable"
"OR_2020","162",6.15427702767856,0.292207859659849,"Estimable"
"OR_2020","163",6.43603917113272,0.283553158057657,"Estimable"
"OR_2020","164",6.45061253372627,0.266894354166739,"Estimable"
"OR_2020","165",7.68601086735863,0.269462781277622,"Estimable"
"OR_2020","166",7.13118096757381,0.269481268562284,"Estimable"
"OR_2020","167",8.0620083886602,0.266881974263141,"Estimable"
"OR_2020","168",7.35175445044976,0.26940111148408,"Estimable"
"OR_2020","169",6.89255553065664,0.549874314994399,"Estimable"
"OR_2020","170",6.49058061317542,0.266941988618629,"Estimable"
"OR_2020","171",7.55591331821682,0.270580192951702,"Estimable"
"OR_2020","172",6.71195066216004,0.267305023251771,"Estimable"
"OR_2020","173",6.67971466220921,0.268333319528985,"Estimable"
"OR_2020","174",7.64917009051317,0.26962885529578,"Estimable"
"OR_2020","175",7.02507077842062,0.267090809114874,"Estimable"
"OR_2020","176",6.95599002168362,0.267136299059883,"Estimable"
"OR_2020","177",7.6002119252347,0.267920432266156,"Estimable"
"OR_2020","178",6.4959442304413,0.268386446403025,"Estimable"
"OR_2020","179",7.18673391496938,0.268335766487834,"Estimable"
"OR_2020","180",7.48623529064616,0.283590716111161,"Estimable"
"OR_2020","181",6.6720686957295,0.268533286523429,"Estimable"
"OR_2020","182",7.44042233509491,0.262275175276692,"Estimable"
"OR_2020","183",6.88473908804176,0.268000694087908,"Estimable"
"OR_2020","184",6.21155217926648,0.292150309287749,"Estimable"
"OR_2020","185",7.30368860896612,0.262586728862805,"Estimable"
"OR_2020","186",7.5442010231185,0.269576063870282,"Estimable"
"OR_2020","187",6.99364276761663,0.267773481953032,"Estimable"
"OR_2020","188",6.90870439494368,0.262674086067211,"Estimable"
"OR_2020","189",6.85254758686556,0.267914443172401,"Estimable"
"OR_2020","190",7.33695445898195,0.266935560621399,"Estimable"
"OR_2020","191",7.1334887026718,0.262173363704596,"Estimable"
"OR_2020","192",7.14031804310972,0.266986974585469,"Estimable"
"OR_2020","193",7.2865264442221,0.268413770595995,"Estimable"
"OR_2020","194",6.34437873383097,0.266914753031774,"Estimable"
"OR_2020","195",6.977540250494,0.267896008636404,"Estimable"
"OR_2020","196",7.11802421648784,0.266834009812599,"Estimable"
"OR_2020","197",7.49242852176788,0.26224887107373,"Estimable"
"OR_2020","198",7.5274789938447,0.283562201087431,"Estimable"
"OR_2020","201",7.33284033947052,0.0886300692133399,"Estimable"
"OR_2020","202",6.83406045325229,0.0886303449814405,"Estimable"
"OR_2021","1",6.07612190616575,0.224787658398826,"Estimable"
"OR_2021","2",6.13358808163331,0.224762109326536,"Estimable"
"OR_2021","3",6.46065906761101,0.231562995719501,"Estimable"
"OR_2021","4",5.8031617254443,0.239028660523798,"Estimable"
"OR_2021","5",6.12613738437562,0.22486889349567,"Estimable"
"OR_2021","6",5.94753298252559,0.237038446150974,"Estimable"
"OR_2021","7",6.39125764873484,0.236992566060217,"Estimable"
"OR_2021","8",5.95444499787603,0.224644799077352,"Estimable"
"OR_2021","9",6.66120476599382,0.224762109317537,"Estimable"
"OR_2021","10",5.91507276126903,0.233660534625274,"Estimable"
"OR_2021","11",6.254775441023,0.224797643691234,"Estimable"
"OR_2021","12",6.51720442518679,0.225871034383475,"Estimable"
"OR_2021","13",6.05050019919992,0.227998878905694,"Estimable"
"OR_2021","14",5.65640738271935,0.22485517333717,"Estimable"
"OR_2021","15",5.60475907009028,0.227984773525828,"Estimable"
"OR_2021","16",6.38718749778546,0.224624538275143,"Estimable"
"OR_2021","17",5.95214530296836,0.234470805534209,"Estimable"
"OR_2021","18",5.91947183595564,0.233648616316365,"Estimable"
"OR_2021","19",6.0677731692198,0.225910650921845,"Estimable"
"OR_2021","20",6.32210967892286,0.226724560192926,"Estimable"
"OR_2021","21",6.24128589278591,0.225675366200004,"Estimable"
"OR_2021","22",6.14639027170885,0.234382185514293,"Estimable"
"OR_2021","23",6.30358165229775,0.224706004670662,"Estimable"
"OR_2021","24",6.17363430901098,0.226778681675935,"Estimable"
"OR_2021","25",6.50065759949553,0.225757399290166,"Estimable"
"OR_2021","26",6.12074419962528,0.224833624918286,"Estimable"
"OR_2021","27",6.45538922192388,0.225681848408501,"Estimable"
"OR_2021","28",6.35927957671544,0.234412505580406,"Estimable"
"OR_2021","29",6.19549857926931,0.23440841219016,"Estimable"
"OR_2021","30",6.61456651635887,0.224611932225032,"Estimable"
"OR_2021","31",5.97314520445182,0.226724709639529,"Estimable"
"OR_2021","32",6.40206184017078,0.237013697116242,"Estimable"
"OR_2021","33",5.96010953537655,0.224676908039911,"Estimable"
"OR_2021","34",5.7316691708712,0.233682570854533,"Estimable"
"OR_2021","35",6.07352729883942,0.224823592398022,"Estimable"
"OR_2021","36",5.98009558665987,0.225884071687166,"Estimable"
"OR_2021","37",5.46133860097862,0.239061681024148,"Estimable"
"OR_2021","38",6.1767186077526,0.234401212363563,"Estimable"
"OR_2021","39",5.72754650206407,0.234368877571505,"Estimable"
"OR_2021","40",6.15022822280541,0.225724636271464,"Estimable"
"OR_2021","41",6.0629388696439,0.234486281084703,"Estimable"
"OR_2021","42",5.40858907237022,0.224808543045615,"Estimable"
"OR_2021","43",5.47737491233912,0.224830466446381,"Estimable"
"OR_2021","44",5.43248986437545,0.228011683789867,"Estimable"
"OR_2021","45",6.14293051204327,0.237008761882809,"Estimable"
"OR_2021","46",5.88574107186548,0.233730126865008,"Estimable"
"OR_2021","47",5.97593276179089,0.228018145490928,"Estimable"
"OR_2021","48",6.16054324853325,0.233665490575171,"Estimable"
"OR_2021","49",5.9037023274743,0.227987084658755,"Estimable"
"OR_2021","50",5.71840586165391,0.234443636788524,"Estimable"
"OR_2021","51",6.6117745997524,0.225688741585799,"Estimable"
"OR_2021","52",6.48600102773128,0.224670830063955,"Estimable"
"OR_2021","53",5.39306263802711,0.22477378828696,"Estimable"
"OR_2021","54",6.10518049796143,0.239055076043016,"Estimable"
"OR_2021","55",6.51646604066638,0.233620401527616,"Estimable"
"OR_2021","56",6.08275989381636,0.225816701867042,"Estimable"
"OR_2021","57",6.40985115702687,0.225839106070969,"Estimable"
"OR_2021","58",6.04296566446708,0.22584548260737,"Estimable"
"OR_2021","59",6.26485840835873,0.225673801520989,"Estimable"
"OR_2021","60",5.56589063109775,0.231496508175201,"Estimable"
"OR_2021","61",5.43366175138864,0.225816702166169,"Estimable"
"OR_2021","62",6.70495432158357,0.234364930328291,"Estimable"
"OR_2021","63",6.06502976783699,0.227967773160094,"Estimable"
"OR_2021","64",5.94672313419592,0.224644636877407,"Estimable"
"OR_2021","65",6.9761912812933,0.225820406943237,"Estimable"
"OR_2021","66",6.0102917354959,0.22603067379506,"Estimable"
"OR_2021","67",5.62289652382732,0.228057221769375,"Estimable"
"OR_2021","68",5.55852984537473,0.224620853594803,"Estimable"
"OR_2021","69",6.35816208972032,0.231537354314108,"Estimable"
"OR_2021","70",6.12334573499027,0.226747946428943,"Estimable"
"OR_2021","71",6.52417462697121,0.234499965634139,"Estimable"
"OR_2021","72",6.37758700859352,0.225841294738312,"Estimable"
"OR_2021","73",6.29251142976964,0.224621295671934,"Estimable"
"OR_2021","74",5.99297910087023,0.233648904489294,"Estimable"
"OR_2021","75",5.9645351318807,0.234415361648518,"Estimable"
"OR_2021","76",5.78274509283901,0.231565443293106,"Estimable"
"OR_2021","77",5.62227723527926,0.239061680764568,"Estimable"
"OR_2021","78",5.91209916861809,0.225717322588904,"Estimable"
"OR_2021","79",5.89915262614482,0.239142911182336,"Estimable"
"OR_2021","80",6.29820341354345,0.237100467581549,"Estimable"
"OR_2021","81",6.13454681503828,0.233610993680614,"Estimable"
"OR_2021","82",6.15055291930532,0.234433758234107,"Estimable"
"OR_2021","83",6.20704171828951,0.236970436424621,"Estimable"
"OR_2021","84",6.60468202797356,0.239063123976234,"Estimable"
"OR_2021","85",6.1003094265156,0.227985146388157,"Estimable"
"OR_2021","86",5.95751579722747,0.224617798779601,"Estimable"
"OR_2021","87",6.94949244366181,0.231599793540292,"Estimable"
"OR_2021","88",5.74640764691592,0.23153566359195,"Estimable"
"OR_2021","89",6.32051613104273,0.236981432550495,"Estimable"
"OR_2021","90",5.92451398904406,0.233676385918862,"Estimable"
"OR_2021","91",5.85469711674657,0.225877668458319,"Estimable"
"OR_2021","92",6.9399924322067,0.225673026380875,"Estimable"
"OR_2021","93",5.86028824535574,0.237033980255742,"Estimable"
"OR_2021","94",6.55258695925644,0.225662141933251,"Estimable"
"OR_2021","95",6.2721410783011,0.233728467589863,"Estimable"
"OR_2021","96",5.81486463886867,0.22463664524293,"Estimable"
"OR_2021","97",6.10280154269095,0.224774738476211,"Estimable"
"OR_2021","98",6.07383527192462,0.231542438651664,"Estimable"
"OR_2021","99",6.3937472430691,0.225743902280549,"Estimable"
"OR_2021","100",6.11921703865578,0.227971010825636,"Estimable"
"OR_2021","101",6.21208016314816,0.231522444383908,"Estimable"
"OR_2021","102",5.79932703803141,0.227967408419166,"Estimable"
"OR_2021","103",6.34397547918552,0.237084629284635,"Estimable"
"OR_2021","104",5.61022653843498,0.239097723260455,"Estimable"
"OR_2021","105",5.5629227583386,0.22589686990383,"Estimable"
"OR_2021","106",6.49282094889353,0.237075675630531,"Estimable"
"OR_2021","107",6.48334720571694,0.237054631781155,"Estimable"
"OR_2021","108",5.85669207449124,0.228057260093933,"Estimable"
"OR_2021","109",6.20651453670511,0.231496497515801,"Estimable"
"OR_2021","110",5.98061492608098,0.239034113527108,"Estimable"
"OR_2021","111",6.01878619819633,0.226788920587471,"Estimable"
"OR_2021","112",5.13548988674896,0.228006681904965,"Estimable"
"OR_2021","113",5.82993145063371,0.239160111291116,"Estimable"
"OR_2021","114",5.95745529392804,0.22467949849712,"Estimable"
"OR_2021","115",6.16932924226179,0.227971334387768,"Estimable"
"OR_2021","116",6.68673609699986,0.231535757857277,"Estimable"
"OR_2021","117",6.03048142477688,0.226824763737148,"Estimable"
"OR_2021","118",6.26533163986591,0.225908503172002,"Estimable"
"OR_2021","119",6.096991809199,0.234441173366108,"Estimable"
"OR_2021","120",5.98349544702701,0.224623271130378,"Estimable"
"OR_2021","121",6.41924713254376,0.225685801712336,"Estimable"
"OR_2021","122",6.21510776902888,0.234373239720835,"Estimable"
"OR_2021","123",5.86873491001647,0.233650537686263,"Estimable"
"OR_2021","124",5.41216714398349,0.22485562746888,"Estimable"
"OR_2021","125",5.87414231783128,0.237011249217665,"Estimable"
"OR_2021","126",5.87385550384769,0.227997482784629,"Estimable"
"OR_2021","127",6.14752526748873,0.237078281140537,"Estimable"
"OR_2021","128",5.42138216265349,0.224702137725193,"Estimable"
"OR_2021","129",5.2335992386579,0.231535103708816,"Estimable"
"OR_2021","130",5.53721208286066,0.224862872615516,"Estimable"
"OR_2021","131",5.83063394787787,0.227971427944183,"Estimable"
"OR_2021","132",5.91863659776838,0.22672969743328,"Estimable"
"OR_2021","133",5.87289323835997,0.239063531433254,"Estimable"
"OR_2021","134",5.49899629096885,0.234366221160204,"Estimable"
"OR_2021","135",5.84812595731405,0.22590576826828,"Estimable"
"OR_2021","136",5.98632493964978,0.224775240154841,"Estimable"
"OR_2021","137",5.36325353001177,0.23441541972629,"Estimable"
"OR_2021","138",5.67947292292565,0.22680862190101,"Estimable"
"OR_2021","139",6.24454824657166,0.239061765826616,"Estimable"
"OR_2021","140",6.51931860575789,0.231575152369161,"Estimable"
"OR_2021","141",6.63674720458094,0.225846578025556,"Estimable"
"OR_2021","142",6.67060597017266,0.226740682431073,"Estimable"
"OR_2021","143",5.74214794914484,0.226749920898128,"Estimable"
"OR_2021","144",5.73242073216236,0.239015585496257,"Estimable"
"OR_2021","145",5.76230592562472,0.233688482716114,"Estimable"
"OR_2021","146",5.84860117727152,0.231562720774115,"Estimable"
"OR_2021","147",6.17804414606224,0.236970348962498,"Estimable"
"OR_2021","148",6.00159586287007,0.23699693701494,"Estimable"
"OR_2021","149",5.78624158291428,0.226725737953586,"Estimable"
"OR_2021","150",5.8245791707593,0.231532414568735,"Estimable"
"OR_2021","151",5.62684911431508,0.226824933153012,"Estimable"
"OR_2021","152",5.57811966130362,0.226714297692776,"Estimable"
"OR_2021","153",5.908578086104,0.225676149673544,"Estimable"
"OR_2021","154",5.57631338094574,0.234492529528065,"Estimable"
"OR_2021","155",5.81678762261475,0.23150542828258,"Estimable"
"OR_2021","156",5.9836650635732,0.231562706528145,"Estimable"
"OR_2021","157",6.27904737112914,0.236973126901841,"Estimable"
"OR_2021","158",5.59653614843679,0.225867129466049,"Estimable"
"OR_2021","159",5.75938859163495,0.233652873225826,"Estimable"
"OR_2021","160",6.16973567529224,0.233608919887324,"Estimable"
"OR_2021","161",6.14745732675272,0.239129150975613,"Estimable"
"OR_2021","162",5.76749178441453,0.225840453905649,"Estimable"
"OR_2021","163",5.31245395220914,0.224797099374806,"Estimable"
"OR_2021","164",5.63631822889024,0.224646223466679,"Estimable"
"OR_2021","165",5.75187180101523,0.226739385227473,"Estimable"
"OR_2021","166",5.63523379138061,0.226747041738319,"Estimable"
"OR_2021","167",6.18104818540379,0.233611919499775,"Estimable"
"OR_2021","168",6.08285224766359,0.226713847290376,"Estimable"
"OR_2021","169",5.81953356410683,0.226006396610087,"Estimable"
"OR_2021","170",5.91608795633689,0.224665871314566,"Estimable"
"OR_2021","171",5.73760625221656,0.234486056250593,"Estimable"
"OR_2021","172",5.83307652194934,0.237081119712282,"Estimable"
"OR_2021","173",6.20386856110639,0.225658950703432,"Estimable"
"OR_2021","174",5.86725225617771,0.226808173973341,"Estimable"
"OR_2021","175",5.81163245990346,0.236977587951762,"Estimable"
"OR_2021","176",5.97984066730593,0.233730126868166,"Estimable"
"OR_2021","177",5.98860147654227,0.239103460200208,"Estimable"
"OR_2021","178",6.60246688882452,0.225680904882913,"Estimable"
"OR_2021","179",5.68798893800812,0.225659961984611,"Estimable"
"OR_2021","180",5.61841787845125,0.224810201283927,"Estimable"
"OR_2021","181",6.12117222270083,0.225741597760058,"Estimable"
"OR_2021","182",6.00080994398613,0.228044302729236,"Estimable"
"OR_2021","183",6.05965145745423,0.239143002649832,"Estimable"
"OR_2021","184",6.12972726126122,0.22582177942955,"Estimable"
"OR_2021","185",5.77872693594493,0.231570651395666,"Estimable"
"OR_2021","186",5.35872712475039,0.226786278509573,"Estimable"
"OR_2021","187",5.88677921428327,0.239031094375804,"Estimable"
"OR_2021","188",5.75067059375918,0.231612168083167,"Estimable"
"OR_2021","189",5.94800468697328,0.239100520135499,"Estimable"
"OR_2021","190",5.76158004818956,0.233636821126373,"Estimable"
"OR_2021","191",5.58678415813968,0.227997955408289,"Estimable"
"OR_2021","192",6.12843647465493,0.233660576891674,"Estimable"
"OR_2021","193",6.08234577332368,0.225692029536576,"Estimable"
"OR_2021","194",5.7836379552159,0.224654674947984,"Estimable"
"OR_2021","195",5.76455047856296,0.239091441120197,"Estimable"
"OR_2021","196",6.0031657008116,0.224621132048603,"Estimable"
"OR_2021","197",6.18513203788636,0.228032315432297,"Estimable"
"OR_2021","198",5.55842801848703,0.224800253973314,"Estimable"
"OR_2021","201",6.37230312497372,0.0795545511218733,"Estimable"
"OR_2021","202",5.64811270380494,0.0795547955352104,"Estimable"
"WA_2020","1",4.75365796688464,0.224043691491852,"Estimable"
"WA_2020","2",5.2450991724774,0.223245396062516,"Estimable"
"WA_2020","3",5.08368915016941,0.225377223726204,"Estimable"
"WA_2020","4",4.85418315934192,0.222860513679893,"Estimable"
"WA_2020","5",5.21657252264575,0.225573264055941,"Estimable"
"WA_2020","6",5.2798677876021,0.225380979799849,"Estimable"
"WA_2020","7",5.00556470169718,0.223038485291846,"Estimable"
"WA_2020","8",4.86035612249139,0.226796939585548,"Estimable"
"WA_2020","9",4.59742716649977,0.223245395898068,"Estimable"
"WA_2020","10",4.86746496336086,0.230628250909268,"Estimable"
"WA_2020","11",4.9452935218938,0.226910114476397,"Estimable"
"WA_2020","12",4.94071132682035,0.225654677061576,"Estimable"
"WA_2020","13",4.81399969679259,0.223731386265825,"Estimable"
"WA_2020","14",4.82230419919037,0.225675184905359,"Estimable"
"WA_2020","15",4.99909920330454,0.223900439108438,"Estimable"
"WA_2020","16",5.094364984925,0.222880331240813,"Estimable"
"WA_2020","17",4.88037286810419,0.225658895534913,"Estimable"
"WA_2020","18",4.91785256594495,0.226830478604688,"Estimable"
"WA_2020","19",4.98611716960689,0.225685584634501,"Estimable"
"WA_2020","20",4.7609250656604,0.22281407630115,"Estimable"
"WA_2020","21",4.86260361942451,0.223975573268439,"Estimable"
"WA_2020","22",4.72501504781019,0.222706508857475,"Estimable"
"WA_2020","23",4.82440506267719,0.225637247561623,"Estimable"
"WA_2020","24",4.83903995136988,0.225401750289787,"Estimable"
"WA_2020","25",4.96849323272803,0.225502781832586,"Estimable"
"WA_2020","26",5.37360741806082,0.225611387221226,"Estimable"
"WA_2020","27",4.8713208335635,0.226767183349937,"Estimable"
"WA_2020","28",5.10658492911365,0.230602255176812,"Estimable"
"WA_2020","29",4.66448703791205,0.223835462912714,"Estimable"
"WA_2020","30",4.80092871497584,0.223172919237373,"Estimable"
"WA_2020","31",4.90961317059521,0.222817630738781,"Estimable"
"WA_2020","32",4.99324711610769,0.223824641258728,"Estimable"
"WA_2020","33",4.6733488138595,0.225433579910979,"Estimable"
"WA_2020","34",4.82208178865555,0.225459139822917,"Estimable"
"WA_2020","35",4.83877024212517,0.225457063951453,"Estimable"
"WA_2020","36",4.53076942165729,0.225891757286623,"Estimable"
"WA_2020","37",4.62211512803007,0.22381633796076,"Estimable"
"WA_2020","38",4.86662984592959,0.226818175076111,"Estimable"
"WA_2020","39",4.68892212700161,0.22327296659626,"Estimable"
"WA_2020","40",4.76090911461923,0.225593215867877,"Estimable"
"WA_2020","41",5.19619586665546,0.225555782147143,"Estimable"
"WA_2020","42",4.92456345727272,0.230715598284899,"Estimable"
"WA_2020","43",4.6406727204718,0.225593324492439,"Estimable"
"WA_2020","44",4.72266427047356,0.23066114323867,"Estimable"
"WA_2020","45",4.97536367685519,0.226842581128146,"Estimable"
"WA_2020","46",4.9932832330256,0.225523523344465,"Estimable"
"WA_2020","47",4.96872246725523,0.230779537535951,"Estimable"
"WA_2020","48",5.33725779501585,0.230721599318875,"Estimable"
"WA_2020","49",4.85000824107839,0.223942644741357,"Estimable"
"WA_2020","50",4.91136658016963,0.225549533356737,"Estimable"
"WA_2020","51",5.04674551525527,0.226900984816487,"Estimable"
"WA_2020","52",5.10253076517608,0.225351565593521,"Estimable"
"WA_2020","53",4.80830001364337,0.222678395072426,"Estimable"
"WA_2020","54",4.9526674723018,0.226812372586136,"Estimable"
"WA_2020","55",5.23855314424133,0.222828225263181,"Estimable"
"WA_2020","56",4.71708601065,0.222825215962476,"Estimable"
"WA_2020","57",4.61905868600764,0.2243524301572,"Estimable"
"WA_2020","58",4.95603591360037,0.230760004386321,"Estimable"
"WA_2020","59",4.48677980081665,0.223941423992451,"Estimable"
"WA_2020","60",4.85945931296385,0.223165573326523,"Estimable"
"WA_2020","61",4.52245987555755,0.222825228530426,"Estimable"
"WA_2020","62",5.21319607145531,0.223209106831749,"Estimable"
"WA_2020","63",4.78854344313257,0.222737502800745,"Estimable"
"WA_2020","64",4.7834218077681,0.226796965318587,"Estimable"
"WA_2020","65",4.99049603181768,0.226235072894689,"Estimable"
"WA_2020","66",5.13152057966236,0.228528419195746,"Estimable"
"WA_2020","67",4.7368754313772,0.22556995386609,"Estimable"
"WA_2020","68",4.91178660771879,0.222556705484823,"Estimable"
"WA_2020","69",4.85020435442841,0.223774794600568,"Estimable"
"WA_2020","70",5.04208385059495,0.226779413957519,"Estimable"
"WA_2020","71",5.07375173754699,0.225776462201542,"Estimable"
"WA_2020","72",4.83520720934537,0.22707883359903,"Estimable"
"WA_2020","73",5.15687510324025,0.222564755632038,"Estimable"
"WA_2020","74",4.59110581759678,0.226835324412689,"Estimable"
"WA_2020","75",4.70101962638092,0.230651195460617,"Estimable"
"WA_2020","76",4.43890542641764,0.225418283205127,"Estimable"
"WA_2020","77",4.40993020864369,0.223816334015091,"Estimable"
"WA_2020","78",4.676440118194,0.225484518645098,"Estimable"
"WA_2020","79",4.71005557612513,0.225517373176869,"Estimable"
"WA_2020","80",5.05701354898563,0.225643741696804,"Estimable"
"WA_2020","81",4.91877929061083,0.223200884847115,"Estimable"
"WA_2020","82",5.3341533587015,0.225418395583399,"Estimable"
"WA_2020","83",5.01820168289931,0.223223697211876,"Estimable"
"WA_2020","84",4.75219824107637,0.223838025117544,"Estimable"
"WA_2020","85",4.40396642169988,0.223908606342685,"Estimable"
"WA_2020","86",4.89496433272323,0.222754640965661,"Estimable"
"WA_2020","87",5.03214905663514,0.225635293668424,"Estimable"
"WA_2020","88",4.77464713228493,0.2241630967077,"Estimable"
"WA_2020","89",5.13057018481215,0.222615660194948,"Estimable"
"WA_2020","90",4.57334031399727,0.225364851852115,"Estimable"
"WA_2020","91",4.95003739930424,0.225774806191369,"Estimable"
"WA_2020","92",5.13587964342377,0.223933237088372,"Estimable"
"WA_2020","93",4.86784684404341,0.230857207946537,"Estimable"
"WA_2020","94",5.0269386962208,0.222615526535226,"Estimable"
"WA_2020","95",4.91087783766317,0.225503705119033,"Estimable"
"WA_2020","96",5.08159856563961,0.223969573180147,"Estimable"
"WA_2020","97",4.87924912052537,0.222949502455833,"Estimable"
"WA_2020","98",4.9978875147433,0.230557680717919,"Estimable"
"WA_2020","99",4.71417909786261,0.225605541839164,"Estimable"
"WA_2020","100",4.88447791424516,0.222538792476959,"Estimable"
"WA_2020","101",4.88999898683175,0.223941373961942,"Estimable"
"WA_2020","102",4.90973126966009,0.222729510902706,"Estimable"
"WA_2020","103",4.91594147130491,0.225744856135317,"Estimable"
"WA_2020","104",4.85559726136825,0.225538547189976,"Estimable"
"WA_2020","105",4.87568170080023,0.225391653550136,"Estimable"
"WA_2020","106",4.84826635857324,0.225604801344978,"Estimable"
"WA_2020","107",4.88805809966969,0.225639591100281,"Estimable"
"WA_2020","108",4.72923704344555,0.225568994856407,"Estimable"
"WA_2020","109",4.81311740237111,0.223165662475215,"Estimable"
"WA_2020","110",4.98824410944204,0.222944630879256,"Estimable"
"WA_2020","111",5.10231599677159,0.225556164435749,"Estimable"
"WA_2020","112",4.96640302839184,0.230568148674536,"Estimable"
"WA_2020","113",4.99326621512069,0.225778490168377,"Estimable"
"WA_2020","114",5.01553355779899,0.225478288275636,"Estimable"
"WA_2020","115",4.95334377592812,0.22254603549715,"Estimable"
"WA_2020","116",4.70691096950644,0.223748052468484,"Estimable"
"WA_2020","117",5.11094353681215,0.225511688428921,"Estimable"
"WA_2020","118",5.07929997930202,0.225647048595371,"Estimable"
"WA_2020","119",5.14328971951752,0.225509535722369,"Estimable"
"WA_2020","120",4.8789196343725,0.222600624477751,"Estimable"
"WA_2020","121",4.69623589351935,0.223747495669746,"Estimable"
"WA_2020","122",5.08694828085448,0.222817351533049,"Estimable"
"WA_2020","123",4.9218060566071,0.223770526613278,"Estimable"
"WA_2020","124",4.54289973159123,0.225693465294366,"Estimable"
"WA_2020","125",4.49053255831856,0.223786632194633,"Estimable"
"WA_2020","126",4.57974175041401,0.223707079950826,"Estimable"
"WA_2020","127",4.81868989129349,0.225645598901634,"Estimable"
"WA_2020","128",4.39245777704648,0.225566437713773,"Estimable"
"WA_2020","129",4.5761113456987,0.2268355789417,"Estimable"
"WA_2020","130",4.56947063518932,0.225815857075588,"Estimable"
"WA_2020","131",5.2301927252152,0.222546035729833,"Estimable"
"WA_2020","132",4.5922308300315,0.222905967280544,"Estimable"
"WA_2020","133",4.85290384038505,0.223843076691877,"Estimable"
"WA_2020","134",4.65767464052836,0.223229361375485,"Estimable"
"WA_2020","135",4.74257057686128,0.228269223810759,"Estimable"
"WA_2020","136",4.90951939479491,0.222694818578477,"Estimable"
"WA_2020","137",4.94276499617204,0.230652222934996,"Estimable"
"WA_2020","138",4.61745373820252,0.225577405317247,"Estimable"
"WA_2020","139",5.00519126216873,0.223815995598952,"Estimable"
"WA_2020","140",5.16361270035774,0.225582051714853,"Estimable"
"WA_2020","141",5.20979314326601,0.230779769799944,"Estimable"
"WA_2020","142",4.98907227746269,0.223969387897434,"Estimable"
"WA_2020","143",4.5908256286073,0.226815531919338,"Estimable"
"WA_2020","144",4.85975428328946,0.223187439569655,"Estimable"
"WA_2020","145",4.86288568088314,0.225526176910739,"Estimable"
"WA_2020","146",4.80976480761217,0.225372420203844,"Estimable"
"WA_2020","147",4.66730136036446,0.223218199348165,"Estimable"
"WA_2020","148",4.94750968427021,0.22397940306803,"Estimable"
"WA_2020","149",4.67009738999647,0.222582224197346,"Estimable"
"WA_2020","150",4.61194885667128,0.226789330113027,"Estimable"
"WA_2020","151",4.83814393111623,0.225514693868907,"Estimable"
"WA_2020","152",4.81315080578074,0.223157328644325,"Estimable"
"WA_2020","153",4.59188005245604,0.22398400238468,"Estimable"
"WA_2020","154",4.93456439874413,0.22565629808512,"Estimable"
"WA_2020","155",4.89106779613761,0.22278952568809,"Estimable"
"WA_2020","156",4.78535949885412,0.225372348990506,"Estimable"
"WA_2020","157",4.68430040940932,0.223261653965382,"Estimable"
"WA_2020","158",4.91846926088807,0.225615040409376,"Estimable"
"WA_2020","159",4.59913075311573,0.223808324827859,"Estimable"
"WA_2020","160",5.06170877950526,0.223167047961758,"Estimable"
"WA_2020","161",4.51661241832425,0.225659890580976,"Estimable"
"WA_2020","162",4.90274688576588,0.223958024058977,"Estimable"
"WA_2020","163",4.49666597971503,0.226910143917892,"Estimable"
"WA_2020","164",4.19843849801409,0.223725336571239,"Estimable"
"WA_2020","165",4.71219718156622,0.222822355042319,"Estimable"
"WA_2020","166",4.72785091746744,0.224081883218801,"Estimable"
"WA_2020","167",4.99391827363922,0.223208632029752,"Estimable"
"WA_2020","168",4.89436769145198,0.223149225416572,"Estimable"
"WA_2020","169",4.8353477257626,0.233816292907397,"Estimable"
"WA_2020","170",5.03915077834131,0.230799729383555,"Estimable"
"WA_2020","171",4.78428552760919,0.225552768670641,"Estimable"
"WA_2020","172",4.69748593869723,0.22569404547688,"Estimable"
"WA_2020","173",4.76617177862548,0.222806183568196,"Estimable"
"WA_2020","174",4.77873322580066,0.225568529687974,"Estimable"
"WA_2020","175",4.73541299229702,0.222805556999393,"Estimable"
"WA_2020","176",4.76499225197331,0.225523523315035,"Estimable"
"WA_2020","177",4.88707587882577,0.225597925067432,"Estimable"
"WA_2020","178",4.75145395760065,0.22406992229368,"Estimable"
"WA_2020","179",5.027812626906,0.222570710979339,"Estimable"
"WA_2020","180",5.26209346471284,0.230758263065361,"Estimable"
"WA_2020","181",4.76165025260616,0.225563903019423,"Estimable"
"WA_2020","182",4.97327700821422,0.225673768553483,"Estimable"
"WA_2020","183",4.91368251983102,0.225517380837554,"Estimable"
"WA_2020","184",4.93828089852093,0.223169296936092,"Estimable"
"WA_2020","185",4.79468831737523,0.225476327744217,"Estimable"
"WA_2020","186",4.70275292084305,0.225508856993291,"Estimable"
"WA_2020","187",4.86198294655514,0.222898854148212,"Estimable"
"WA_2020","188",5.20483647072578,0.22549010855199,"Estimable"
"WA_2020","189",5.04954733982028,0.225551473136589,"Estimable"
"WA_2020","190",4.88202696664232,0.222833036350103,"Estimable"
"WA_2020","191",4.70803062354589,0.223715247710072,"Estimable"
"WA_2020","192",4.59980235763889,0.22703809192085,"Estimable"
"WA_2020","193",4.87757322670825,0.23055790961701,"Estimable"
"WA_2020","194",5.03760325464254,0.230579229027929,"Estimable"
"WA_2020","195",4.65161983907634,0.225442186203488,"Estimable"
"WA_2020","196",4.78408236838277,0.22256470765195,"Estimable"
"WA_2020","197",5.0537470016274,0.225462607141019,"Estimable"
"WA_2020","198",4.7720588511759,0.22428404906733,"Estimable"
"WA_2020","201",5.19850686678199,0.11443429485071,"Estimable"
"WA_2020","202",4.66157403393211,0.114434186785608,"Estimable"
"WA_2021","1",4.58112140311734,0.199894305293043,"Estimable"
"WA_2021","2",5.31083398875003,0.198366487241848,"Estimable"
"WA_2021","3",5.04447367504688,0.201813227746244,"Estimable"
"WA_2021","4",4.70063385412985,0.198845707237699,"Estimable"
"WA_2021","5",5.1199454297818,0.204787655640662,"Estimable"
"WA_2021","6",5.10498770492747,0.201824950133609,"Estimable"
"WA_2021","7",4.71638234700845,0.199427978364521,"Estimable"
"WA_2021","8",4.83240749766809,0.200122212822808,"Estimable"
"WA_2021","9",4.53110282703011,0.198366486704986,"Estimable"
"WA_2021","10",4.69059707093194,0.200846765385214,"Estimable"
"WA_2021","11",4.90009599973913,0.200478710783042,"Estimable"
"WA_2021","12",4.63727161110791,0.202805891752785,"Estimable"
"WA_2021","13",4.70517957909472,0.200256318015552,"Estimable"
"WA_2021","14",4.61426441261654,0.203966614193651,"Estimable"
"WA_2021","15",4.71434340266029,0.199430288951327,"Estimable"
"WA_2021","16",4.98497573352936,0.198910617705859,"Estimable"
"WA_2021","17",4.71641785378957,0.203914790253098,"Estimable"
"WA_2021","18",4.92492477758558,0.200227917552968,"Estimable"
"WA_2021","19",4.92516052317406,0.205144963768337,"Estimable"
"WA_2021","20",4.79485697315213,0.198693514033259,"Estimable"
"WA_2021","21",4.82927460360374,0.199673781491245,"Estimable"
"WA_2021","22",4.53062621652179,0.199180950199323,"Estimable"
"WA_2021","23",4.71537841114801,0.203845998647362,"Estimable"
"WA_2021","24",4.7552305791377,0.201891517911075,"Estimable"
"WA_2021","25",4.85630036054202,0.204563257363897,"Estimable"
"WA_2021","26",5.31536903737084,0.202668062213502,"Estimable"
"WA_2021","27",4.68978892069615,0.200028370367647,"Estimable"
"WA_2021","28",5.02592210102319,0.200767640696378,"Estimable"
"WA_2021","29",4.41881303957239,0.200593939037717,"Estimable"
"WA_2021","30",4.86461660733913,0.19812945413589,"Estimable"
"WA_2021","31",4.73045735838912,0.198705164731269,"Estimable"
"WA_2021","32",4.73282080220105,0.200559347771742,"Estimable"
"WA_2021","33",4.4672011067728,0.202101327132701,"Estimable"
"WA_2021","34",4.65942582066648,0.202074606130011,"Estimable"
"WA_2021","35",4.6062744535818,0.202067748493866,"Estimable"
"WA_2021","36",4.34291077199381,0.203559621000328,"Estimable"
"WA_2021","37",4.56151580161713,0.200531625083863,"Estimable"
"WA_2021","38",4.80664984745983,0.2001891214369,"Estimable"
"WA_2021","39",4.61738779079806,0.198455877066694,"Estimable"
"WA_2021","40",4.61325205448963,0.202610302828326,"Estimable"
"WA_2021","41",5.13332995726442,0.204732036060381,"Estimable"
"WA_2021","42",4.67302245097741,0.201112113646561,"Estimable"
"WA_2021","43",4.53199111612081,0.202502320296875,"Estimable"
"WA_2021","44",4.48304632894422,0.200946806774366,"Estimable"
"WA_2021","45",4.88149143781668,0.200266023898956,"Estimable"
"WA_2021","46",4.94201545734548,0.204629319840422,"Estimable"
"WA_2021","47",4.67115704883788,0.201306392531398,"Estimable"
"WA_2021","48",5.16533893398761,0.201130452592379,"Estimable"
"WA_2021","49",4.6255016491542,0.19956718380459,"Estimable"
"WA_2021","50",4.70728384101864,0.202471068000127,"Estimable"
"WA_2021","51",5.04285077850843,0.200450027128038,"Estimable"
"WA_2021","52",4.99297056095162,0.201731138760589,"Estimable"
"WA_2021","53",4.71674590353421,0.19908858761572,"Estimable"
"WA_2021","54",4.81527409123545,0.200170727347375,"Estimable"
"WA_2021","55",5.10219866745192,0.198739767583127,"Estimable"
"WA_2021","56",4.58935738085142,0.199569988325428,"Estimable"
"WA_2021","57",4.31371447748955,0.200891937056653,"Estimable"
"WA_2021","58",4.77088404544729,0.201246889585265,"Estimable"
"WA_2021","59",4.29859229583497,0.199563205727938,"Estimable"
"WA_2021","60",4.7164462352444,0.198105848427828,"Estimable"
"WA_2021","61",4.2514957500025,0.199570006292053,"Estimable"
"WA_2021","62",5.3474384381807,0.19824763432742,"Estimable"
"WA_2021","63",4.64365033290859,0.198442378377235,"Estimable"
"WA_2021","64",4.65390910686337,0.200122233041669,"Estimable"
"WA_2021","65",4.98568424637061,0.207958168471466,"Estimable"
"WA_2021","66",5.03736024120054,0.211810463823466,"Estimable"
"WA_2021","67",4.47671506730291,0.203631725616474,"Estimable"
"WA_2021","68",4.81520736437796,0.198689121894722,"Estimable"
"WA_2021","69",4.98297070395033,0.200397194769404,"Estimable"
"WA_2021","70",4.93007309109934,0.200066831156367,"Estimable"
"WA_2021","71",5.11850191716733,0.205433823920885,"Estimable"
"WA_2021","72",4.737422823736,0.201009459740992,"Estimable"
"WA_2021","73",5.09516749793353,0.198715510413326,"Estimable"
"WA_2021","74",4.47400255213557,0.200243128674468,"Estimable"
"WA_2021","75",4.53607702132058,0.200916514716442,"Estimable"
"WA_2021","76",4.20428820171545,0.201944253301828,"Estimable"
"WA_2021","77",4.32126259976099,0.200531612287306,"Estimable"
"WA_2021","78",4.67153991530193,0.202155572630136,"Estimable"
"WA_2021","79",4.57067058092731,0.204609713589667,"Estimable"
"WA_2021","80",4.9627625052637,0.20501198364475,"Estimable"
"WA_2021","81",4.75090617251995,0.198220549333906,"Estimable"
"WA_2021","82",5.18395193149472,0.201944391546483,"Estimable"
"WA_2021","83",4.86703897840148,0.198295291315798,"Estimable"
"WA_2021","84",4.85561141724226,0.200602739007313,"Estimable"
"WA_2021","85",4.12386861350865,0.199456847254498,"Estimable"
"WA_2021","86",4.56585893470908,0.198498679461847,"Estimable"
"WA_2021","87",5.0423047466263,0.203839721046016,"Estimable"
"WA_2021","88",4.59127664927107,0.200280534564158,"Estimable"
"WA_2021","89",4.99191010748417,0.198882762488056,"Estimable"
"WA_2021","90",4.50579134222651,0.201773634174693,"Estimable"
"WA_2021","91",4.72851931456037,0.203188009962385,"Estimable"
"WA_2021","92",4.99073394098328,0.199536593921063,"Estimable"
"WA_2021","93",4.63035444853993,0.201542064704786,"Estimable"
"WA_2021","94",4.8147642455988,0.198882365979295,"Estimable"
"WA_2021","95",4.89218068785753,0.20456619277533,"Estimable"
"WA_2021","96",4.91990646528246,0.199654133527903,"Estimable"
"WA_2021","97",4.68674639942874,0.199137043551703,"Estimable"
"WA_2021","98",4.72423778511433,0.200631944364441,"Estimable"
"WA_2021","99",4.53580858118211,0.203744955744845,"Estimable"
"WA_2021","100",4.71666564478301,0.198630198109883,"Estimable"
"WA_2021","101",4.80662782990477,0.199562760957879,"Estimable"
"WA_2021","102",4.798314817689,0.198416156653983,"Estimable"
"WA_2021","103",4.75331287430122,0.20418825381228,"Estimable"
"WA_2021","104",4.73514186091467,0.202327733685561,"Estimable"
"WA_2021","105",4.64097746258084,0.204223891739593,"Estimable"
"WA_2021","106",4.73416641206494,0.203742683658928,"Estimable"
"WA_2021","107",4.60965173732618,0.202649769936116,"Estimable"
"WA_2021","108",4.52813385291355,0.203628635853409,"Estimable"
"WA_2021","109",4.78195402614354,0.198105958502457,"Estimable"
"WA_2021","110",4.89550630947591,0.199120982283721,"Estimable"
"WA_2021","111",5.03697206811027,0.20249224262593,"Estimable"
"WA_2021","112",4.73560086465264,0.200663923660207,"Estimable"
"WA_2021","113",4.92150022991701,0.205440287466908,"Estimable"
"WA_2021","114",4.91302886116723,0.202243914671784,"Estimable"
"WA_2021","115",4.65779952526153,0.198654040052842,"Estimable"
"WA_2021","116",4.57307232308809,0.200310670775624,"Estimable"
"WA_2021","117",5.05846572340267,0.204591624561269,"Estimable"
"WA_2021","118",4.88004187106973,0.205022412194632,"Estimable"
"WA_2021","119",4.97266544775591,0.202343529480367,"Estimable"
"WA_2021","120",4.73012726097002,0.198833381673927,"Estimable"
"WA_2021","121",4.60346677047592,0.200308850802851,"Estimable"
"WA_2021","122",5.05026881832129,0.198704229128783,"Estimable"
"WA_2021","123",4.90169957153504,0.200383026131162,"Estimable"
"WA_2021","124",4.34715861143299,0.204024687677441,"Estimable"
"WA_2021","125",4.30808749364895,0.200435570282693,"Estimable"
"WA_2021","126",4.47112908966037,0.200177102257192,"Estimable"
"WA_2021","127",4.64046537796251,0.203872443733496,"Estimable"
"WA_2021","128",4.17130666297681,0.203620512683216,"Estimable"
"WA_2021","129",4.42929760646645,0.200243989421107,"Estimable"
"WA_2021","130",4.44817726453443,0.204413718151409,"Estimable"
"WA_2021","131",5.16923828051807,0.19865404081696,"Estimable"
"WA_2021","132",4.39879921835208,0.198994593800054,"Estimable"
"WA_2021","133",4.73481057269091,0.200618330297789,"Estimable"
"WA_2021","134",4.63430609852427,0.198313778647372,"Estimable"
"WA_2021","135",4.60412599054631,0.204726089899528,"Estimable"
"WA_2021","136",4.79937586941771,0.199142539000961,"Estimable"
"WA_2021","137",4.65027806241532,0.20091954229548,"Estimable"
"WA_2021","138",4.4792678972199,0.203655456849958,"Estimable"
"WA_2021","139",4.81397965164355,0.200531302057426,"Estimable"
"WA_2021","140",4.99836262537713,0.202466547058747,"Estimable"
"WA_2021","141",5.10151410062605,0.201306966642315,"Estimable"
"WA_2021","142",4.74158016520675,0.199653517523064,"Estimable"
"WA_2021","143",4.44518503969193,0.200180706136677,"Estimable"
"WA_2021","144",4.53001731001078,0.198176612879723,"Estimable"
"WA_2021","145",4.77399351897372,0.202396656242744,"Estimable"
"WA_2021","146",4.65965666624569,0.201797749645742,"Estimable"
"WA_2021","147",4.56897493211563,0.198277550223643,"Estimable"
"WA_2021","148",4.65365998206965,0.199686071550806,"Estimable"
"WA_2021","149",4.50246283396816,0.198772888424948,"Estimable"
"WA_2021","150",4.4772780616758,0.200098163114695,"Estimable"
"WA_2021","151",4.84706754743455,0.204601198672621,"Estimable"
"WA_2021","152",4.61380168361003,0.198078245259602,"Estimable"
"WA_2021","153",4.44814608736435,0.19970086940003,"Estimable"
"WA_2021","154",4.81886224169883,0.205051892583005,"Estimable"
"WA_2021","155",4.62988834882747,0.198612931432737,"Estimable"
"WA_2021","156",4.65310811689181,0.201797660756185,"Estimable"
"WA_2021","157",4.5705851599093,0.198419422738998,"Estimable"
"WA_2021","158",4.6078619809143,0.202571265489391,"Estimable"
"WA_2021","159",4.51042853377941,0.200506209048983,"Estimable"
"WA_2021","160",4.9396517877824,0.198110002992903,"Estimable"
"WA_2021","161",4.44143975326857,0.203917992403454,"Estimable"
"WA_2021","162",4.6462688913608,0.200991235874926,"Estimable"
"WA_2021","163",4.24424719902834,0.200478725415325,"Estimable"
"WA_2021","164",3.98502318155176,0.200237155919923,"Estimable"
"WA_2021","165",4.5478958561489,0.199560664853888,"Estimable"
"WA_2021","166",4.49241165957346,0.200017866508527,"Estimable"
"WA_2021","167",4.93296635668544,0.198246493920244,"Estimable"
"WA_2021","168",4.82701663360454,0.198052008687159,"Estimable"
"WA_2021","169",4.47084741481641,0.210380567197911,"Estimable"
"WA_2021","170",4.76915587949078,0.20136777245774,"Estimable"
"WA_2021","171",4.69324627452905,0.204722441034438,"Estimable"
"WA_2021","172",4.53580571386765,0.204026657756428,"Estimable"
"WA_2021","173",4.61784856724308,0.198667596999124,"Estimable"
"WA_2021","174",4.57535363189809,0.203627124868772,"Estimable"
"WA_2021","175",4.53735982261606,0.198665523822304,"Estimable"
"WA_2021","176",4.64701212098268,0.204629320044353,"Estimable"
"WA_2021","177",4.7681819047012,0.202625287154564,"Estimable"
"WA_2021","178",4.50730115997951,0.199979345041829,"Estimable"
"WA_2021","179",4.65203494587226,0.198735157477934,"Estimable"
"WA_2021","180",4.99831447034124,0.201241758308209,"Estimable"
"WA_2021","181",4.51032781253839,0.203612352447293,"Estimable"
"WA_2021","182",4.84670938636392,0.202866790355518,"Estimable"
"WA_2021","183",4.67276606999823,0.204609721774998,"Estimable"
"WA_2021","184",4.686016464452,0.199855347566122,"Estimable"
"WA_2021","185",4.62450776807101,0.202237729465431,"Estimable"
"WA_2021","186",4.55422920187389,0.202341450432709,"Estimable"
"WA_2021","187",4.71851734195145,0.198971126123106,"Estimable"
"WA_2021","188",5.01894328614122,0.204522874630243,"Estimable"
"WA_2021","189",4.75891154053392,0.202477251021706,"Estimable"
"WA_2021","190",4.75168679626457,0.199595648002026,"Estimable"
"WA_2021","191",4.58749883080742,0.200203920490639,"Estimable"
"WA_2021","192",4.38744978544889,0.200881377924459,"Estimable"
"WA_2021","193",4.6751810624027,0.200632628202222,"Estimable"
"WA_2021","194",4.67834843963528,0.200697511369404,"Estimable"
"WA_2021","195",4.40768569147129,0.202020418259163,"Estimable"
"WA_2021","196",4.50584261190321,0.198715440599343,"Estimable"
"WA_2021","197",4.83494039772151,0.202193959504506,"Estimable"
"WA_2021","198",4.60212524017134,0.200671160783195,"Estimable"
"WA_2021","201",4.87653820848256,0.0895256676025836,"Estimable"
"WA_2021","202",4.43101133297176,0.0895255754061041,"Estimable"
