Trait,Model,Threshold,Marker,Chrom,Position,Ref,Alt,Score,Effect
WA_2020_A,2-dom-alt,6.14,44076,Chr4,77929059,0,1,6.63,1.25474379841096
WA_2021_A,general,6.27,83741,Chr8,20816275,0,1,6.8,NA
WA_2021_A,additive,6.27,4158,Chr1,37676198,0,1,6.61,0.458926095976494
WA_2021_A,diplo-additive,5.79,58517,Chr6,3593448,0,1,5.87,0.684337441460229
WA_2021_A,diplo-additive,5.79,58518,Chr6,3593463,0,1,6.36,-0.662930469086859
WA_2021_A,diplo-additive,5.79,58519,Chr6,3593483,0,1,6.36,0.662930468446575
WA_2021_A,diplo-general,5.79,58517,Chr6,3593448,0,1,5.87,NA
WA_2021_A,diplo-general,5.79,58518,Chr6,3593463,0,1,6.36,NA
WA_2021_A,diplo-general,5.79,58519,Chr6,3593483,0,1,6.36,NA
WA_2021_A,1-dom-alt,5.49,58518,Chr6,3593463,0,1,6.36,-0.662930469086859
WA_2021_A,1-dom-ref,5.48,58517,Chr6,3593448,0,1,5.87,0.684337441285606
WA_2021_A,1-dom-ref,5.48,58519,Chr6,3593483,0,1,6.36,0.662930468766717
WA_2021_A2,general,6.27,4158,Chr1,37676198,0,1,6.86,NA
WA_2021_A2,additive,6.27,4158,Chr1,37676198,0,1,7.73,-0.924589618109167
OR_2021_ADICP,2-dom-ref,6.14,68814,Chr6,113719739,0,1,6.57,0.0632833276940801
WA_2020_ADICP,1-dom-alt,5.49,14791,Chr2,19520401,0,1,5.66,-0.0977234564459231
all_Ash,general,6.27,27429,Chr3,43222952,0,1,7.4,NA
all_Ash,additive,6.27,15158,Chr2,21954840,0,1,6.3,0.0990841349121183
all_Ash,2-dom-alt,6.14,27429,Chr3,43222952,0,1,8.14,0.248293856857345
WA_2020_B,2-dom-alt,6.14,44076,Chr4,77929059,0,1,7.28,-1.23529761948464
WA_2021_B,general,6.27,4158,Chr1,37676198,0,1,6.44,NA
WA_2021_B,additive,6.27,4158,Chr1,37676198,0,1,7.29,-0.639204870909452
WA_2021_B1,additive,6.27,4158,Chr1,37676198,0,1,6.35,0.616332876961678
WA_2021_B1,diplo-additive,5.79,58517,Chr6,3593448,0,1,5.94,0.941752623300999
WA_2021_B1,diplo-additive,5.79,58518,Chr6,3593463,0,1,6.3,-0.90216550976038
WA_2021_B1,diplo-additive,5.79,58519,Chr6,3593483,0,1,6.3,0.90216550976038
WA_2021_B1,diplo-general,5.79,58517,Chr6,3593448,0,1,5.94,NA
WA_2021_B1,diplo-general,5.79,58518,Chr6,3593463,0,1,6.3,NA
WA_2021_B1,diplo-general,5.79,58519,Chr6,3593483,0,1,6.3,NA
WA_2021_B1,1-dom-alt,5.49,58518,Chr6,3593463,0,1,6.3,-0.90216550976038
WA_2021_B1,1-dom-ref,5.48,58517,Chr6,3593448,0,1,5.94,0.94175262353383
WA_2021_B1,1-dom-ref,5.48,58519,Chr6,3593483,0,1,6.3,0.902165511273779
OR_2021_B2,2-dom-ref,6.14,82117,Chr8,9578043,0,1,6.19,0.27093267327291
OR_2020_CP,2-dom-ref,6.14,48247,Chr5,11734606,0,1,6.54,-0.478251710735261
ID_2020_ER6,1-dom-ref,5.48,75746,Chr7,63108639,0,1,5.55,-1.15144892215815
ID_2020_kd,diplo-additive,5.79,75746,Chr7,63108639,0,1,5.84,-0.00334374114343738
ID_2020_kd,diplo-general,5.79,75746,Chr7,63108639,0,1,5.84,NA
ID_2020_kd,1-dom-ref,5.48,75746,Chr7,63108639,0,1,5.84,-0.00334374114343657
ID_2020_NDICP,general,6.27,33301,Chr3,92180840,0,1,6.79,NA
ID_2020_NDICP,general,6.27,33302,Chr3,92180843,0,1,6.79,NA
ID_2020_NDICP,general,6.27,90133,Chr8,74954096,0,1,6.33,NA
OR_2021_NDICP,2-dom-ref,6.14,47172,Chr5,3700030,0,1,6.4,0.0889212979200238
OR_2021_NDICP,2-dom-ref,6.14,68814,Chr6,113719739,0,1,6.24,0.139509016036754
OR_2020_SP,additive,6.27,43915,Chr4,77368215,0,1,6.37,0.318358737976894
WA_2021_SP,1-dom-alt,5.49,84211,Chr8,25109339,0,1,5.52,0.760461070002748
