gen,BLUE,weight,env
1,3.76872674156959,9.74600073726857,ID_2020
10,3.78172747410411,9.23170377597541,ID_2020
100,3.09072700026376,9.83699070441753,ID_2020
101,3.90272685597957,9.54375071325607,ID_2020
102,3.86372700026376,9.83699070441753,ID_2020
103,4.11172716891226,8.26351112621835,ID_2020
104,4.08472698271862,8.26347651688048,ID_2020
105,NA,NA,ID_2020
106,3.6137267735425,9.74598254903471,ID_2020
107,2.79272705512712,7.13091694957986,ID_2020
108,3.46922714192688,9.29677858055734,ID_2020
109,3.62522714192688,9.29677858055734,ID_2020
11,3.58222699224835,9.32907192626466,ID_2020
110,4.0697270796879,8.26349517688582,ID_2020
111,3.35422710892692,8.78185548788624,ID_2020
112,3.79072744236544,9.23170528832481,ID_2020
113,2.99572720200782,7.13092056475753,ID_2020
114,3.84522694499488,9.32906925160214,ID_2020
115,3.58672677354249,9.74598254903471,ID_2020
116,3.56872685597957,9.54375071325607,ID_2020
117,3.72122694499488,9.32906925160214,ID_2020
118,3.33472680956496,9.74597097098289,ID_2020
119,3.76522730932574,9.73671708685834,ID_2020
12,3.09172692815611,9.54373528605906,ID_2020
120,3.42822705660968,9.29675346837902,ID_2020
121,3.13872675069887,9.74599238869581,ID_2020
122,4.26122732591709,9.73671238122876,ID_2020
123,3.26772675069887,9.74599238869581,ID_2020
124,3.53872700697676,9.54371709421712,ID_2020
125,3.68022730932574,9.73671708685834,ID_2020
126,3.19472711772965,9.83702475596942,ID_2020
127,3.53322714192688,9.29677858055734,ID_2020
128,3.64172700697676,9.54371709421712,ID_2020
129,3.24722707285595,8.78184963443363,ID_2020
13,3.72972692815611,9.54373528605905,ID_2020
130,3.5687270796879,8.26349517688583,ID_2020
131,3.93572675069887,9.7459923886958,ID_2020
132,4.10172698271862,8.26347651688049,ID_2020
133,3.98572735198837,9.23170666895881,ID_2020
134,3.6172271188649,9.29677185383835,ID_2020
135,NA,NA,ID_2020
136,3.6127267938598,9.54376368992708,ID_2020
137,3.17772702915356,9.28620396099859,ID_2020
138,3.5192273274026,9.73671442837976,ID_2020
139,3.56772685597957,9.54375071325607,ID_2020
14,3.33472674157079,9.74600073726936,ID_2020
140,2.9287271274138,7.1309191003917,ID_2020
141,4.23622699224835,9.32907192626467,ID_2020
142,3.11372700697676,9.54371709421711,ID_2020
143,3.4372269116059,9.32906585172225,ID_2020
144,3.22072711772965,9.83702475596942,ID_2020
145,3.66072735198837,9.23170666895881,ID_2020
146,3.69172720289437,9.28615111294636,ID_2020
147,3.9292271188649,9.29677185383835,ID_2020
148,3.48722732234129,9.73671598837277,ID_2020
149,3.52372692781013,9.83696934678742,ID_2020
15,3.08472700026376,9.83699070441753,ID_2020
150,3.53822705660968,9.29675346837903,ID_2020
151,3.59222714192688,9.29677858055735,ID_2020
152,3.47822732591709,9.73671238122877,ID_2020
153,3.57672747410411,9.23170377597541,ID_2020
154,3.74872716891226,8.26351112621836,ID_2020
155,3.41822709185457,9.29676355594737,ID_2020
156,3.53472702915355,9.28620396099859,ID_2020
157,3.42222709408163,8.78185304737866,ID_2020
158,2.98822707285595,8.78184963443362,ID_2020
159,3.53422709185457,9.29676355594737,ID_2020
16,3.64072716891226,8.26351112621835,ID_2020
160,3.41372674157079,9.74600073726936,ID_2020
161,3.3632271188649,9.29677185383835,ID_2020
162,3.73422705660968,9.29675346837903,ID_2020
163,3.6482269116059,9.32906585172225,ID_2020
164,3.01572711772965,9.83702475596942,ID_2020
165,3.16772720200782,7.13092056475754,ID_2020
166,3.46772716891226,8.26351112621836,ID_2020
167,3.67072740160007,9.2317062639449,ID_2020
168,3.71872706375136,9.83700907003678,ID_2020
169,2.97522710892692,8.78185548788624,ID_2020
17,3.74872711490398,9.2861792830356,ID_2020
170,2.64172720200782,7.13092056475753,ID_2020
171,3.85222694499488,9.32906925160213,ID_2020
172,3.81222707285595,8.78184963443362,ID_2020
173,3.04772720289437,9.28615111294636,ID_2020
174,3.54872700026376,9.83699070441754,ID_2020
175,2.58772675069887,9.74599238869581,ID_2020
176,3.3002269116059,9.32906585172225,ID_2020
177,3.52522704876937,8.78184509923266,ID_2020
178,4.00572698271861,8.26347651688049,ID_2020
179,3.12872706375135,9.83700907003677,ID_2020
18,4.29572729201665,9.28611916039973,ID_2020
180,3.77722710892692,8.78185548788622,ID_2020
181,3.47472677354249,9.74598254903472,ID_2020
182,2.41372726973556,7.13092136085344,ID_2020
183,3.60422730932574,9.73671708685833,ID_2020
184,2.85372726973556,7.13092136085344,ID_2020
185,3.83422689232309,9.32906156975892,ID_2020
186,3.72422705660968,9.29675346837904,ID_2020
187,3.24622709408163,8.78185304737866,ID_2020
188,3.65272735198837,9.23170666895881,ID_2020
189,3.65372702915356,9.28620396099858,ID_2020
19,3.82822689232309,9.32906156975892,ID_2020
190,2.7217271274138,7.1309191003917,ID_2020
191,3.58922732234129,9.73671598837277,ID_2020
192,2.34472726973556,7.13092136085344,ID_2020
193,3.5542273274026,9.73671442837976,ID_2020
194,3.48922689232309,9.32906156975892,ID_2020
195,4.0012271188649,9.29677185383835,ID_2020
196,3.97622732234129,9.73671598837277,ID_2020
197,3.42572720289437,9.28615111294636,ID_2020
198,2.65172705512712,7.13091694957985,ID_2020
2,4.29222732591709,9.73671238122877,ID_2020
20,4.09722699224835,9.32907192626467,ID_2020
201,3.78927253176538,108.402567659799,ID_2020
202,3.41318159713382,108.403046655163,ID_2020
21,3.7392269116059,9.32906585172224,ID_2020
22,3.32322707285595,8.78184963443362,ID_2020
23,3.67822710892692,8.78185548788622,ID_2020
24,3.64272720289437,9.28615111294636,ID_2020
25,3.30272711490398,9.2861792830356,ID_2020
26,4.22072744236544,9.23170528832481,ID_2020
27,3.83872674157079,9.74600073726935,ID_2020
28,3.56672706375135,9.83700907003677,ID_2020
29,3.40722705660968,9.29675346837903,ID_2020
3,4.6647274741041,9.23170377597541,ID_2020
30,3.57572740160007,9.23170626394489,ID_2020
31,3.25172711490398,9.28617928303559,ID_2020
32,3.31172729201665,9.28611916039974,ID_2020
33,2.75072692781013,9.83696934678742,ID_2020
34,3.38222704876937,8.78184509923265,ID_2020
35,2.93472677354249,9.74598254903472,ID_2020
36,2.30872726973556,7.13092136085344,ID_2020
37,3.30872700697675,9.54371709421711,ID_2020
38,3.15572675069887,9.74599238869581,ID_2020
39,3.34222710892691,8.78185548788622,ID_2020
4,4.25572744236544,9.23170528832481,ID_2020
40,4.47872688150865,8.26345488634479,ID_2020
41,3.6572271188649,9.29677185383834,ID_2020
42,3.44472740160007,9.23170626394489,ID_2020
43,3.51172707968789,8.26349517688583,ID_2020
44,3.46372688150865,8.26345488634479,ID_2020
45,3.62722694499488,9.32906925160214,ID_2020
46,3.81922689232309,9.3290615697589,ID_2020
47,2.4527271274138,7.13091910039169,ID_2020
48,3.91972716891226,8.26351112621834,ID_2020
49,3.54922694499488,9.32906925160214,ID_2020
5,3.79272680956496,9.74597097098289,ID_2020
50,2.56072720289437,9.28615111294637,ID_2020
51,3.68672698271861,8.26347651688049,ID_2020
52,3.55972692815611,9.54373528605906,ID_2020
53,3.18972680956496,9.74597097098289,ID_2020
54,3.70972692781013,9.83696934678741,ID_2020
55,3.45772702915355,9.28620396099859,ID_2020
56,3.83722709408163,8.78185304737865,ID_2020
57,2.13572705512712,7.13091694957986,ID_2020
58,3.27072685597957,9.54375071325607,ID_2020
59,3.01722732591709,9.73671238122877,ID_2020
6,3.77372711772965,9.83702475596942,ID_2020
60,3.58022709185457,9.29676355594737,ID_2020
61,3.62222709408163,8.78185304737865,ID_2020
62,3.65072692815611,9.54373528605906,ID_2020
63,3.51422732234129,9.73671598837278,ID_2020
64,3.65672744236544,9.23170528832483,ID_2020
65,2.79872720200782,7.13092056475755,ID_2020
66,3.54072700026376,9.83699070441753,ID_2020
67,3.38172711490398,9.28617928303559,ID_2020
68,3.61772711772965,9.83702475596941,ID_2020
69,4.5127274741041,9.23170377597542,ID_2020
7,2.46072705512712,7.13091694957986,ID_2020
70,3.66872680956496,9.74597097098288,ID_2020
71,3.3537271274138,7.13091910039169,ID_2020
72,4.09772688150865,8.2634548863448,ID_2020
73,4.2662273274026,9.73671442837976,ID_2020
74,4.31372744236544,9.23170528832482,ID_2020
75,3.16622709185457,9.29676355594737,ID_2020
76,2.97522704876937,8.78184509923265,ID_2020
77,3.1347267938598,9.54376368992709,ID_2020
78,3.75472698271861,8.26347651688049,ID_2020
79,3.06222732234129,9.73671598837277,ID_2020
8,3.88072740160007,9.2317062639449,ID_2020
80,3.82972688150865,8.2634548863448,ID_2020
81,3.58222699224835,9.32907192626466,ID_2020
82,3.82372685597957,9.54375071325607,ID_2020
83,3.67972735198837,9.23170666895882,ID_2020
84,4.55072729201665,9.28611916039975,ID_2020
85,3.27622732591709,9.73671238122878,ID_2020
86,3.21972680956496,9.74597097098288,ID_2020
87,3.56122704876937,8.78184509923266,ID_2020
88,2.52272726973556,7.13092136085344,ID_2020
89,3.96022730932574,9.73671708685833,ID_2020
9,3.3892273274026,9.73671442837977,ID_2020
90,2.70372706375135,9.83700907003677,ID_2020
91,3.8927270796879,8.26349517688584,ID_2020
92,3.71272692781013,9.8369693467874,ID_2020
93,2.3477271274138,7.13091910039169,ID_2020
94,3.30272711490398,9.28617928303559,ID_2020
95,3.3557267938598,9.54376368992709,ID_2020
96,4.03672747410411,9.23170377597542,ID_2020
97,3.35422707285595,8.78184963443362,ID_2020
98,3.41672692815611,9.54373528605906,ID_2020
99,3.42572729201665,9.28611916039975,ID_2020
1,6.9102758234954,9.12684914500516,OR_2020
10,7.46977562414155,10.7215321014997,OR_2020
100,6.42027334817515,11.2388943515004,OR_2020
101,7.10477276046468,11.2016699016669,OR_2020
102,6.96627334817515,11.2388943515004,OR_2020
103,6.85477464727888,10.7012712055327,OR_2020
104,7.14977383837649,10.6311083407489,OR_2020
105,6.47127336710794,8.40223233726213,OR_2020
106,6.63677464727888,10.7012712055327,OR_2020
107,6.6007742943369,10.7013107615762,OR_2020
108,7.53827334817515,11.2388943515004,OR_2020
109,7.42577275468967,11.2016695254602,OR_2020
11,7.54827582349256,9.12684914500328,OR_2020
110,7.74177351311862,10.6311256175543,OR_2020
111,8.20027275230472,10.4591370884796,OR_2020
112,6.41527310868781,11.2389054816632,OR_2020
113,7.29177351311862,10.6311256175543,OR_2020
114,7.10727395407679,10.7284491697987,OR_2020
115,6.93727310868781,11.2389054816632,OR_2020
116,6.87877275468967,11.2016695254602,OR_2020
117,7.29427289385856,10.4591310128758,OR_2020
118,6.30227365244291,8.40222438919277,OR_2020
119,7.6797728901486,10.3671365994914,OR_2020
12,5.20127365244291,8.40222438919277,OR_2020
120,6.72127395407679,10.7284491697987,OR_2020
121,6.43777434413839,10.5716844430293,OR_2020
122,8.3717728901486,10.3671365994914,OR_2020
123,8.54077511989981,10.72160016441,OR_2020
124,6.79327539309536,9.12689939026226,OR_2020
125,6.2087742943369,10.7013107615762,OR_2020
126,7.19327334817515,11.2388943515004,OR_2020
127,6.68277464727888,10.7012712055327,OR_2020
128,5.9522736181661,10.7284678389294,OR_2020
129,6.52277276046467,11.2016699016669,OR_2020
13,7.09427334817515,11.2388943515004,OR_2020
130,6.58927582349256,9.12684914500328,OR_2020
131,7.98827334817515,11.2388943515004,OR_2020
132,6.83427275230472,10.4591370884796,OR_2020
133,6.48977383837648,10.6311083407489,OR_2020
134,8.00777301909028,10.3671318642031,OR_2020
135,6.15427336710794,8.40223233726213,OR_2020
136,7.34427582349256,9.12684914500328,OR_2020
137,7.67577301909028,10.3671318642031,OR_2020
138,7.50727275230472,10.4591370884796,OR_2020
139,8.52877383837648,10.6311083407489,OR_2020
14,7.46627582349256,9.12684914500328,OR_2020
140,7.95277275468967,11.2016695254602,OR_2020
141,6.8382736524429,8.40222438919277,OR_2020
142,7.58727275230472,10.4591370884796,OR_2020
143,6.81127275230472,10.4591370884796,OR_2020
144,6.71577383837648,10.6311083407489,OR_2020
145,7.16877562414155,10.7215321014997,OR_2020
146,7.73777276046467,11.2016699016669,OR_2020
147,6.29077464727888,10.7012712055327,OR_2020
148,6.5447742943369,10.7013107615762,OR_2020
149,6.75327275230472,10.4591370884796,OR_2020
15,7.85727334817515,11.2388943515004,OR_2020
150,6.34477276046467,11.2016699016669,OR_2020
151,7.00127289385856,10.4591310128758,OR_2020
152,6.75427289385856,10.4591310128758,OR_2020
153,6.6407747754415,10.5716458205678,OR_2020
154,6.88777301909028,10.3671318642031,OR_2020
155,7.57777275468967,11.2016695254602,OR_2020
156,7.19777275468967,11.2016695254602,OR_2020
157,6.57777464727888,10.7012712055327,OR_2020
158,6.68327336710794,8.40223233726215,OR_2020
159,7.7047751198998,10.72160016441,OR_2020
16,6.6712736181661,10.7284678389294,OR_2020
160,7.0947751198998,10.72160016441,OR_2020
161,6.78877351311861,10.6311256175543,OR_2020
162,5.7522736524429,8.40222438919277,OR_2020
163,6.33127539309536,9.12689939026227,OR_2020
164,6.44827395407679,10.7284491697987,OR_2020
165,7.94727289385856,10.4591310128758,OR_2020
166,7.21027289385856,10.4591310128758,OR_2020
167,8.32777562414153,10.7215321014997,OR_2020
168,7.40227289385856,10.4591310128758,OR_2020
169,NA,NA,OR_2020
17,7.5367728901486,10.3671365994914,OR_2020
170,6.2552736181661,10.7284678389294,OR_2020
171,7.7247728901486,10.3671365994914,OR_2020
172,6.6277742943369,10.7013107615762,OR_2020
173,6.5567747754415,10.5716458205678,OR_2020
174,7.88827289385856,10.4591310128758,OR_2020
175,7.05077464727888,10.7012712055327,OR_2020
176,6.92277562414154,10.7215321014997,OR_2020
177,7.75677351311861,10.6311256175543,OR_2020
178,6.3427747754415,10.5716458205678,OR_2020
179,7.2337747754415,10.5716458205678,OR_2020
18,8.23777562414153,10.7215321014997,OR_2020
180,7.53627539309536,9.12689939026227,OR_2020
181,6.5807747754415,10.5716458205678,OR_2020
182,7.5112731086878,11.2389054816633,OR_2020
183,6.81777383837648,10.6311083407489,OR_2020
184,5.8192736524429,8.40222438919276,OR_2020
185,7.39577275468967,11.2016695254602,OR_2020
186,7.75227275230472,10.4591370884796,OR_2020
187,6.95077351311861,10.6311256175543,OR_2020
188,6.74877276046467,11.2016699016669,OR_2020
189,6.74677383837648,10.6311083407489,OR_2020
19,6.6862736524429,8.40222438919276,OR_2020
190,7.40477562414154,10.7215321014997,OR_2020
191,7.17927334817514,11.2388943515004,OR_2020
192,7.2537751198998,10.7216001644101,OR_2020
193,7.36177434413838,10.5716844430293,OR_2020
194,6.08627395407679,10.7284491697987,OR_2020
195,7.02777383837648,10.6311083407489,OR_2020
196,7.1862736181661,10.7284678389294,OR_2020
197,7.5842731086878,11.2389054816633,OR_2020
198,7.74127539309536,9.12689939026227,OR_2020
2,8.22527539309536,9.12689939026227,OR_2020
20,7.76827289385856,10.4591310128758,OR_2020
201,7.33518293382881,123.650909292666,OR_2020
202,6.83336483821967,123.650116922422,OR_2020
21,7.78077434413839,10.5716844430293,OR_2020
22,7.03077301909028,10.3671318642031,OR_2020
23,6.8152736181661,10.7284678389294,OR_2020
24,7.78027289385856,10.4591310128758,OR_2020
25,6.72477434413838,10.5716844430293,OR_2020
26,8.07427582349255,9.12684914500328,OR_2020
27,6.5877747754415,10.5716458205678,OR_2020
28,8.01177301909028,10.3671318642031,OR_2020
29,7.15077301909028,10.3671318642031,OR_2020
3,7.72277275468967,11.2016695254602,OR_2020
30,7.68727395407679,10.7284491697987,OR_2020
31,7.43427275230472,10.4591370884796,OR_2020
32,7.0227742943369,10.7013107615762,OR_2020
33,5.7902736181661,10.7284678389294,OR_2020
34,7.47577562414155,10.7215321014997,OR_2020
35,6.37427582349255,9.12684914500328,OR_2020
36,7.02227336710794,8.40223233726216,OR_2020
37,6.63477351311861,10.6311256175543,OR_2020
38,7.7787728901486,10.3671365994914,OR_2020
39,7.2707728901486,10.3671365994914,OR_2020
4,6.87277383837648,10.6311083407489,OR_2020
40,6.78077434413838,10.5716844430293,OR_2020
41,7.97677301909028,10.3671318642031,OR_2020
42,7.97327582349255,9.12684914500328,OR_2020
43,7.21827539309536,9.12689939026227,OR_2020
44,6.6222731086878,11.2389054816632,OR_2020
45,6.90477464727888,10.7012712055327,OR_2020
46,7.72277562414155,10.7215321014997,OR_2020
47,6.93327334817514,11.2388943515004,OR_2020
48,7.6937751198998,10.72160016441,OR_2020
49,7.0922731086878,11.2389054816632,OR_2020
5,7.15427582349255,9.12684914500328,OR_2020
50,7.3207728901486,10.3671365994914,OR_2020
51,7.52977434413838,10.5716844430293,OR_2020
52,6.98427361816609,10.7284678389294,OR_2020
53,7.60727539309536,9.12689939026227,OR_2020
54,7.53077383837648,10.6311083407489,OR_2020
55,8.28777511989981,10.7216001644101,OR_2020
56,6.19127336710794,8.40223233726216,OR_2020
57,6.47427336710794,8.40223233726216,OR_2020
58,6.34027336710794,8.40223233726216,OR_2020
59,5.6597747754415,10.5716458205678,OR_2020
6,7.24877464727888,10.7012712055327,OR_2020
60,7.84177276046467,11.2016699016669,OR_2020
61,5.86027336710794,8.40223233726216,OR_2020
62,9.38977289014861,10.3671365994914,OR_2020
63,6.9232731086878,11.2389054816633,OR_2020
64,5.7662736181661,10.7284678389294,OR_2020
65,NA,NA,OR_2020
66,NA,NA,OR_2020
67,6.4952731086878,11.2389054816633,OR_2020
68,7.68527395407679,10.7284491697987,OR_2020
69,8.15777275468966,11.2016695254602,OR_2020
7,6.26177464727888,10.7012712055327,OR_2020
70,8.36227275230472,10.4591370884796,OR_2020
71,7.7847728901486,10.3671365994914,OR_2020
72,6.9392736524429,8.40222438919275,OR_2020
73,7.25827395407679,10.7284491697987,OR_2020
74,6.51577562414155,10.7215321014997,OR_2020
75,7.36777301909028,10.3671318642031,OR_2020
76,6.21677276046467,11.2016699016669,OR_2020
77,6.67077351311861,10.6311256175543,OR_2020
78,6.4967747754415,10.5716458205678,OR_2020
79,6.63877351311861,10.6311256175543,OR_2020
8,7.32627395407679,10.7284491697987,OR_2020
80,6.5787742943369,10.7013107615762,OR_2020
81,7.9447751198998,10.72160016441,OR_2020
82,7.63777301909028,10.3671318642031,OR_2020
83,6.1807742943369,10.7013107615762,OR_2020
84,8.10177351311862,10.6311256175543,OR_2020
85,7.1322731086878,11.2389054816633,OR_2020
86,5.80627395407679,10.7284491697987,OR_2020
87,8.40677275468966,11.2016695254602,OR_2020
88,6.21777276046467,11.2016699016669,OR_2020
89,7.0107742943369,10.7013107615762,OR_2020
9,7.12427539309536,9.12689939026227,OR_2020
90,6.5937751198998,10.72160016441,OR_2020
91,6.0772736524429,8.40222438919275,OR_2020
92,7.84677434413839,10.5716844430293,OR_2020
93,6.8887742943369,10.7013107615762,OR_2020
94,7.27077434413838,10.5716844430293,OR_2020
95,7.8297751198998,10.7216001644101,OR_2020
96,7.4182736181661,10.7284678389294,OR_2020
97,7.02627539309536,9.12689939026227,OR_2020
98,7.15977276046467,11.2016699016669,OR_2020
99,6.3517747754415,10.5716458205678,OR_2020
1,6.1358640109257,13.5617586710023,OR_2021
10,5.86936405869835,12.0897989356637,OR_2021
100,6.17436356786566,13.0090890624727,OR_2021
101,6.29886362823689,12.4258791288653,OR_2021
102,5.67536356786566,13.0090890624727,OR_2021
103,6.52486376817038,11.5740602628319,OR_2021
104,5.3723635025964,11.2702239395605,OR_2021
105,5.35886355264954,13.3808405568331,OR_2021
106,6.76286376817038,11.5740602628319,OR_2021
107,6.7778636765531,11.5740993120434,OR_2021
108,5.81936356786566,13.0090890624727,OR_2021
109,6.29586361728146,12.4258811632687,OR_2021
11,6.33586401092761,13.5617586710023,OR_2021
110,5.91936350134231,11.2702372950545,OR_2021
111,5.9558636249137,13.2215055911237,OR_2021
112,4.68936358013569,13.0091048567969,OR_2021
113,5.67436350134231,11.2702372950545,OR_2021
114,5.89186361178576,13.5876392940496,OR_2021
115,6.26236358013569,13.0091048567969,OR_2021
116,7.07686361728146,12.4258811632687,OR_2021
117,5.96886359681608,13.2214968059597,OR_2021
118,6.35686354578448,13.3808301003295,OR_2021
119,6.08536365070506,11.9722149280402,OR_2021
12,6.78286354578448,13.3808301003295,OR_2021
120,5.96786361178576,13.5876392940496,OR_2021
121,6.64336361941148,13.4056805944089,OR_2021
122,6.25036365070506,11.9722149280402,OR_2021
123,5.74936385443443,12.0898677823989,OR_2021
124,5.19786388271244,13.5618545654808,OR_2021
125,5.8948636765531,11.5740993120434,OR_2021
126,5.85736356786565,13.0090890624727,OR_2021
127,6.24386376817038,11.5740602628319,OR_2021
128,5.24786357663161,13.5876679737863,OR_2021
129,4.88686362823688,12.4258791288653,OR_2021
13,6.07336356786565,13.0090890624727,OR_2021
130,5.36286401092761,13.5617586710023,OR_2021
131,5.64336356786565,13.0090890624727,OR_2021
132,5.9398636249137,13.2215055911237,OR_2021
133,5.7883635025964,11.2702239395605,OR_2021
134,5.23736361684711,11.9722091028066,OR_2021
135,5.79186355264954,13.3808405568331,OR_2021
136,5.95786401092761,13.5617586710023,OR_2021
137,5.02336361684711,11.9722091028066,OR_2021
138,5.5648636249137,13.2215055911237,OR_2021
139,6.3573635025964,11.2702239395605,OR_2021
14,5.50586401092761,13.5617586710023,OR_2021
140,6.72586361728145,12.4258811632687,OR_2021
141,6.86486354578448,13.3808301003295,OR_2021
142,6.9938636249137,13.2215055911237,OR_2021
143,5.6658636249137,13.2215055911237,OR_2021
144,5.6163635025964,11.2702239395605,OR_2021
145,5.61436405869835,12.0897989356637,OR_2021
146,5.77586362823688,12.4258791288653,OR_2021
147,6.30886376817038,11.5740602628319,OR_2021
148,6.0118636765531,11.5740993120434,OR_2021
149,5.7198636249137,13.2215055911237,OR_2021
15,5.40036356786565,13.0090890624727,OR_2021
150,5.77986362823688,12.4258791288653,OR_2021
151,5.40886359681608,13.2214968059598,OR_2021
152,5.38486359681608,13.2214968059598,OR_2021
153,5.91436373779919,13.4056246616084,OR_2021
154,5.31436361684711,11.9722091028066,OR_2021
155,5.73386361728145,12.4258811632687,OR_2021
156,5.98386361728145,12.4258811632687,OR_2021
157,6.46686376817038,11.5740602628319,OR_2021
158,5.41586355264954,13.3808405568331,OR_2021
159,5.67036385443443,12.0898677823989,OR_2021
16,6.51486357663161,13.5876679737863,OR_2021
160,6.20536385443443,12.0898677823989,OR_2021
161,6.29536350134231,11.2702372950545,OR_2021
162,5.66286354578448,13.3808301003295,OR_2021
163,5.07086388271244,13.5618545654808,OR_2021
164,5.60486361178576,13.5876392940496,OR_2021
165,5.65886359681608,13.2214968059597,OR_2021
166,5.49586359681608,13.2214968059598,OR_2021
167,6.22436405869835,12.0897989356637,OR_2021
168,6.09586359681608,13.2214968059598,OR_2021
169,5.77686355264954,13.3808405568331,OR_2021
17,5.92036365070506,11.9722149280402,OR_2021
170,5.8598635766316,13.5876679737863,OR_2021
171,5.59336365070506,11.9722149280402,OR_2021
172,5.7758636765531,11.5740993120434,OR_2021
173,6.31936373779919,13.4056246616084,OR_2021
174,5.82586359681608,13.2214968059598,OR_2021
175,5.74186376817038,11.5740602628319,OR_2021
176,5.97936405869835,12.0897989356637,OR_2021
177,5.96336350134231,11.2702372950545,OR_2021
178,6.93636373779919,13.4056246616084,OR_2021
179,5.54336373779919,13.4056246616084,OR_2021
18,5.82236405869835,12.0897989356637,OR_2021
180,5.37086388271244,13.5618545654808,OR_2021
181,6.21836373779919,13.4056246616084,OR_2021
182,5.96836358013569,13.0091048567969,OR_2021
183,6.0993635025964,11.2702239395605,OR_2021
184,6.19486354578448,13.3808301003294,OR_2021
185,5.67686361728145,12.4258811632687,OR_2021
186,5.0688636249137,13.2215055911237,OR_2021
187,5.81436350134231,11.2702372950545,OR_2021
188,5.54586362823688,12.4258791288653,OR_2021
189,5.9013635025964,11.2702239395605,OR_2021
19,6.05286354578447,13.3808301003294,OR_2021
190,5.61836405869835,12.0897989356637,OR_2021
191,5.40036356786565,13.0090890624727,OR_2021
192,6.26836385443443,12.0898677823989,OR_2021
193,6.12636361941148,13.4056805944089,OR_2021
194,5.68186361178576,13.5876392940496,OR_2021
195,5.6973635025964,11.2702239395605,OR_2021
196,6.04286357663161,13.5876679737862,OR_2021
197,6.24836358013569,13.0091048567969,OR_2021
198,5.36286388271244,13.5618545654808,OR_2021
2,6.07186388271243,13.5618545654808,OR_2021
20,6.46086359681608,13.2214968059597,OR_2021
201,6.38509093865352,151.542265840561,OR_2021
202,5.63763640519181,151.541294855712,OR_2021
21,6.33136361941148,13.4056805944089,OR_2021
22,6.26436361684711,11.9722091028066,OR_2021
23,6.44586357663161,13.5876679737862,OR_2021
24,6.24686359681608,13.2214968059597,OR_2021
25,6.71236361941147,13.4056805944089,OR_2021
26,6.0518640109276,13.5617586710023,OR_2021
27,6.67936373779919,13.4056246616084,OR_2021
28,6.47936361684711,11.9722091028066,OR_2021
29,6.36636361684711,11.9722091028066,OR_2021
3,6.62586361728145,12.4258811632687,OR_2021
30,6.87686361178576,13.5876392940496,OR_2021
31,5.9518636249137,13.2215055911237,OR_2021
32,6.62086367655309,11.5740993120434,OR_2021
33,5.98686357663161,13.5876679737862,OR_2021
34,5.59336405869835,12.0897989356637,OR_2021
35,6.1268640109276,13.5617586710023,OR_2021
36,6.04286355264954,13.3808405568331,OR_2021
37,5.1793635013423,11.2702372950545,OR_2021
38,6.24736365070505,11.9722149280402,OR_2021
39,5.59536365070505,11.9722149280402,OR_2021
4,5.6863635025964,11.2702239395605,OR_2021
40,6.24036361941147,13.4056805944089,OR_2021
41,5.99536361684711,11.9722091028066,OR_2021
42,5.1258640109276,13.5617586710023,OR_2021
43,5.25686388271243,13.5618545654808,OR_2021
44,5.19036358013569,13.0091048567969,OR_2021
45,6.17886376817038,11.5740602628319,OR_2021
46,5.76636405869835,12.0897989356637,OR_2021
47,5.96836356786565,13.0090890624727,OR_2021
48,6.13936385443442,12.0898677823989,OR_2021
49,5.86936358013568,13.0091048567969,OR_2021
5,6.0998640109276,13.5617586710023,OR_2021
50,5.56036365070505,11.9722149280402,OR_2021
51,6.83936361941147,13.4056805944089,OR_2021
52,6.6598635766316,13.5876679737862,OR_2021
53,5.09386388271243,13.5618545654808,OR_2021
54,6.1363635025964,11.2702239395605,OR_2021
55,6.70336385443442,12.0898677823989,OR_2021
56,6.14486355264954,13.3808405568331,OR_2021
57,6.68986355264954,13.3808405568331,OR_2021
58,6.04786355264954,13.3808405568331,OR_2021
59,6.47636373779919,13.4056246616084,OR_2021
6,5.81886376817038,11.5740602628319,OR_2021
60,5.33086362823688,12.4258791288653,OR_2021
61,5.24686355264954,13.3808405568331,OR_2021
62,6.94036365070505,11.9722149280402,OR_2021
63,6.10836358013568,13.0091048567969,OR_2021
64,5.9288635766316,13.5876679737862,OR_2021
65,7.39436361941147,13.4056805944089,OR_2021
66,5.94386354578447,13.3808301003294,OR_2021
67,5.47836358013568,13.0091048567969,OR_2021
68,5.31986361178575,13.5876392940496,OR_2021
69,6.48286361728145,12.4258811632687,OR_2021
7,6.60786376817038,11.5740602628319,OR_2021
70,6.13486362491369,13.2215055911237,OR_2021
71,6.71336365070505,11.9722149280402,OR_2021
72,6.55386354578447,13.3808301003294,OR_2021
73,6.35186361178575,13.5876392940496,OR_2021
74,6.03936405869835,12.0897989356637,OR_2021
75,5.9813636168471,11.9722091028066,OR_2021
76,5.77686362823688,12.4258791288653,OR_2021
77,5.4933635013423,11.2702372950545,OR_2021
78,5.87336373779918,13.4056246616084,OR_2021
79,5.8703635013423,11.2702372950545,OR_2021
8,5.90386361178575,13.5876392940496,OR_2021
80,6.40286367655308,11.5740993120434,OR_2021
81,6.19436385443442,12.0898677823989,OR_2021
82,6.1193636168471,11.9722091028066,OR_2021
83,6.28286367655308,11.5740993120434,OR_2021
84,6.9173635013423,11.2702372950545,OR_2021
85,6.27236358013568,13.0091048567969,OR_2021
86,5.96286361178575,13.5876392940496,OR_2021
87,7.37386361728145,12.4258811632687,OR_2021
88,5.63486362823688,12.4258791288653,OR_2021
89,6.43086367655308,11.5740993120434,OR_2021
9,7.01486388271244,13.5618545654808,OR_2021
90,5.92636385443442,12.0898677823989,OR_2021
91,5.77586354578447,13.3808301003294,OR_2021
92,7.33936361941147,13.4056805944089,OR_2021
93,5.79586367655309,11.5740993120434,OR_2021
94,6.79836361941147,13.4056805944089,OR_2021
95,6.37436385443442,12.0898677823989,OR_2021
96,5.67886357663161,13.5876679737862,OR_2021
97,6.15386388271243,13.5618545654808,OR_2021
98,6.10586362823688,12.4258791288653,OR_2021
99,6.61936373779919,13.4056246616084,OR_2021
1,4.67763453880414,4.83262440720136,WA_2020
10,4.99413443674333,3.67469258411497,WA_2020
100,4.96963538989866,5.05001607052898,WA_2020
101,4.69863401171183,4.83261121716188,WA_2020
102,4.84363498994581,5.00051629738809,WA_2020
103,5.03263540922551,4.75713026153352,WA_2020
104,4.73963482341818,4.68893021690988,WA_2020
105,5.18063453880473,4.83262440720138,WA_2020
106,4.70163540922551,4.75713026153352,WA_2020
107,5.37363532697476,4.68893852638412,WA_2020
108,4.71663517157892,4.75712651137909,WA_2020
109,4.34363329904683,4.89836285454072,WA_2020
11,4.67163517135354,4.32659443576391,WA_2020
110,4.96563473791029,5.0005123320463,WA_2020
111,5.14463587678456,4.6946029422233,WA_2020
112,5.51513422475909,3.67469000423583,WA_2020
113,4.90513537363666,4.82372314926547,WA_2020
114,5.06463544343394,4.69459971983903,WA_2020
115,5.54663556838698,5.05001823712697,WA_2020
116,4.4386326864181,4.91281789828914,WA_2020
117,5.12013531998287,4.82372282363305,WA_2020
118,5.54613537363666,4.82372314926547,WA_2020
119,5.61363544343394,4.69459971983903,WA_2020
12,5.58863566643552,4.69460170277643,WA_2020
120,4.89463556838698,5.05001823712697,WA_2020
121,4.2756326864181,4.91281789828914,WA_2020
122,5.01163524079548,5.00051943002615,WA_2020
123,4.5646321346741,4.91278446841136,WA_2020
124,4.24963503292348,4.75712398045262,WA_2020
125,4.09063241062032,4.91280221276003,WA_2020
126,4.0536321346741,4.91278446841136,WA_2020
127,4.85263503292348,4.75712398045262,WA_2020
128,3.97563529756912,4.75712860992273,WA_2020
129,4.11863517135355,4.32659443576391,WA_2020
13,4.60763241062032,4.91280221276003,WA_2020
130,4.05563503292348,4.75712398045262,WA_2020
131,5.42463556838698,5.05001823712697,WA_2020
132,4.37163549207293,5.00052187203326,WA_2020
133,4.7306321346741,4.91278446841136,WA_2020
134,3.94963302474219,4.89835004200992,WA_2020
135,4.51063508343834,4.32659236578539,WA_2020
136,4.83963573719809,5.05001998357535,WA_2020
137,5.72513398454905,3.67468690057749,WA_2020
138,4.22963540922551,4.75713026153352,WA_2020
139,5.33563296127902,4.91283167703679,WA_2020
14,4.96463529756912,4.75712860992273,WA_2020
140,5.64463532697476,4.68893852638412,WA_2020
141,5.65213398454905,3.6746869005775,WA_2020
142,5.49463401171183,4.83261121716188,WA_2020
143,4.15163495466966,4.32658979371163,WA_2020
144,5.45863275058597,4.89833518507256,WA_2020
145,4.64663587678456,4.6946029422233,WA_2020
146,4.73263482341818,4.68893021690988,WA_2020
147,4.22463329904683,4.89836285454071,WA_2020
148,5.55363427746406,4.83261849968549,WA_2020
149,4.47063538989866,5.05001607052898,WA_2020
15,5.64563453880474,4.83262440720138,WA_2020
150,4.16363508343834,4.32659236578539,WA_2020
151,4.25913531998287,4.82372282363305,WA_2020
152,4.90963275058597,4.89833518507256,WA_2020
153,4.19363401171184,4.83261121716188,WA_2020
154,4.91513524264647,4.82372187203356,WA_2020
155,5.29363473791029,5.0005123320463,WA_2020
156,4.61063532697476,4.68893852638412,WA_2020
157,4.31663329904683,4.89836285454071,WA_2020
158,5.56063455729375,4.68892416940343,WA_2020
159,4.0326326864181,4.91281789828914,WA_2020
16,5.26863524079548,5.00051943002615,WA_2020
160,5.23763275058597,4.89833518507256,WA_2020
161,3.76863529756912,4.75712860992272,WA_2020
162,5.3126326864181,4.91281789828914,WA_2020
163,4.31863495466966,4.32658979371163,WA_2020
164,3.50463296127902,4.91283167703679,WA_2020
165,4.55763556838698,5.05001823712697,WA_2020
166,4.83063427746406,4.83261849968549,WA_2020
167,4.87163357285043,4.89837377785724,WA_2020
168,4.65763302474219,4.89835004200992,WA_2020
169,5.74513422475908,3.67469000423583,WA_2020
17,4.95163517157892,4.75712651137909,WA_2020
170,5.89613443674333,3.67469258411496,WA_2020
171,4.47213539742932,4.8237228389564,WA_2020
172,4.50363529756913,4.75712860992273,WA_2020
173,4.62963498994581,5.00051629738809,WA_2020
174,4.84363517157892,4.75712651137909,WA_2020
175,4.72163498994581,5.00051629738809,WA_2020
176,4.51813539742932,4.8237228389564,WA_2020
177,4.81063607578666,4.69460357180331,WA_2020
178,4.91663479624441,4.83262910321626,WA_2020
179,5.98163589700807,5.05002139162234,WA_2020
18,4.40263522027328,4.32659598653662,WA_2020
180,6.49713422475909,3.67469000423583,WA_2020
181,4.96863503292347,4.7571239804526,WA_2020
182,5.04663566643552,4.69460170277643,WA_2020
183,5.29313524264647,4.82372187203357,WA_2020
184,5.37463549207293,5.00052187203326,WA_2020
185,4.76663607578666,4.69460357180331,WA_2020
186,4.46763607578665,4.69460357180331,WA_2020
187,4.83763473791029,5.00051233204631,WA_2020
188,5.80013524264646,4.82372187203357,WA_2020
189,5.80763566643552,4.69460170277643,WA_2020
19,4.85113537363666,4.82372314926547,WA_2020
190,4.84163556838698,5.05001823712698,WA_2020
191,4.39663241062032,4.91280221276003,WA_2020
192,4.42863495466966,4.32658979371163,WA_2020
193,5.13713373160145,3.67468324158074,WA_2020
194,6.29213373160145,3.67468324158074,WA_2020
195,4.67863482341818,4.68893021690988,WA_2020
196,5.09663589700807,5.05002139162235,WA_2020
197,5.56563587678457,4.69460294222331,WA_2020
198,4.71263427746406,4.83261849968549,WA_2020
2,5.03963357285043,4.89837377785725,WA_2020
20,4.01663524079548,5.00051943002614,WA_2020
201,5.28918010438213,55.9375185009891,WA_2020
202,4.66108925321417,55.937658931724,WA_2020
21,4.46263453880474,4.83262440720139,WA_2020
22,4.68563589700807,5.05002139162235,WA_2020
23,4.62663540922552,4.75713026153351,WA_2020
24,4.57063532697477,4.68893852638412,WA_2020
25,4.98413539742933,4.82372283895641,WA_2020
26,5.77763544343393,4.69459971983903,WA_2020
27,5.00263522027329,4.32659598653662,WA_2020
28,5.23713422475909,3.67469000423583,WA_2020
29,4.71363241062032,4.91280221276002,WA_2020
3,5.00763532697477,4.68893852638412,WA_2020
30,3.99563302474219,4.89835004200992,WA_2020
31,5.06663524079548,5.00051943002614,WA_2020
32,5.53963296127902,4.91283167703679,WA_2020
33,4.59863587678456,4.6946029422233,WA_2020
34,4.80663508047232,4.68893495174239,WA_2020
35,5.09263455729376,4.68892416940343,WA_2020
36,4.18863607578666,4.69460357180331,WA_2020
37,3.9926321346741,4.91278446841136,WA_2020
38,4.52763522027329,4.32659598653662,WA_2020
39,4.18563275058597,4.89833518507257,WA_2020
4,4.85263549207293,5.00052187203326,WA_2020
40,4.60563587678457,4.6946029422233,WA_2020
41,5.35913531998287,4.82372282363304,WA_2020
42,5.49013398454905,3.6746869005775,WA_2020
43,4.17663508047232,4.68893495174239,WA_2020
44,4.86713443674333,3.67469258411496,WA_2020
45,4.93363517135355,4.32659443576391,WA_2020
46,4.83513531998287,4.82372282363303,WA_2020
47,5.82113398454905,3.6746869005775,WA_2020
48,6.29713422475909,3.67469000423583,WA_2020
49,5.08463479624441,4.83262910321626,WA_2020
5,5.52313531998287,4.82372282363304,WA_2020
50,5.16863566643552,4.69460170277643,WA_2020
51,4.77263517135355,4.32659443576391,WA_2020
52,5.30063482341818,4.68893021690989,WA_2020
53,4.54363538989866,5.05001607052898,WA_2020
54,5.04163495466966,4.32658979371162,WA_2020
55,5.69463473791029,5.0005123320463,WA_2020
56,4.44963589700807,5.05002139162235,WA_2020
57,4.80963479624441,4.83262910321626,WA_2020
58,5.28113373160145,3.67468324158074,WA_2020
59,4.09463479624441,4.83262910321626,WA_2020
6,5.96063455729376,4.68892416940343,WA_2020
60,4.82963357285043,4.89837377785725,WA_2020
61,4.46463573719809,5.05001998357536,WA_2020
62,4.73363302474219,4.89835004200992,WA_2020
63,4.67063498994581,5.00051629738809,WA_2020
64,4.58063508343834,4.3265923657854,WA_2020
65,4.67463329904684,4.89836285454072,WA_2020
66,5.31663544343393,4.69459971983903,WA_2020
67,4.93963529756913,4.75712860992274,WA_2020
68,4.80063573719809,5.05001998357536,WA_2020
69,3.88263241062032,4.91280221276003,WA_2020
7,5.65363473791029,5.0005123320463,WA_2020
70,5.17263495466966,4.32658979371163,WA_2020
71,4.69913524264646,4.82372187203357,WA_2020
72,4.59163522027329,4.32659598653662,WA_2020
73,5.25663538989866,5.05001607052898,WA_2020
74,4.04363508343835,4.32659236578539,WA_2020
75,4.47113443674334,3.67469258411496,WA_2020
76,4.12963508047231,4.68893495174239,WA_2020
77,3.5856321346741,4.91278446841136,WA_2020
78,3.89863508047231,4.68893495174239,WA_2020
79,4.46013539742933,4.82372283895642,WA_2020
8,4.38963522027329,4.32659598653662,WA_2020
80,5.13413537363667,4.82372314926548,WA_2020
81,5.05363275058597,4.89833518507257,WA_2020
82,6.00563455729376,4.68892416940344,WA_2020
83,5.23263302474219,4.89835004200992,WA_2020
84,3.74963296127902,4.91283167703679,WA_2020
85,4.21063479624441,4.83262910321626,WA_2020
86,5.52663549207294,5.00052187203326,WA_2020
87,4.71363517157893,4.75712651137909,WA_2020
88,4.76463427746407,4.83261849968548,WA_2020
89,5.4466357371981,5.05001998357536,WA_2020
9,3.95163357285044,4.89837377785726,WA_2020
90,3.86863508047231,4.6889349517424,WA_2020
91,5.32363544343394,4.69459971983903,WA_2020
92,5.49563453880474,4.8326244072014,WA_2020
93,5.26713398454905,3.6746869005775,WA_2020
94,5.44563589700808,5.05002139162234,WA_2020
95,4.52713537363667,4.82372314926548,WA_2020
96,5.42263401171184,4.83261121716188,WA_2020
97,5.03963549207294,5.00052187203326,WA_2020
98,5.79613373160145,3.67468324158074,WA_2020
99,4.60163503292348,4.7571239804526,WA_2020
1,4.33986253392962,8.5778226507156,WA_2021
10,4.46636342367798,8.71785467413717,WA_2021
100,4.98036289881419,8.70823038905811,WA_2021
101,4.87186230341406,8.57778320644194,WA_2021
102,4.97936290998964,8.77937253484829,WA_2021
103,4.56486343365583,7.61385062512716,WA_2021
104,4.78886308890671,8.09092997662064,WA_2021
105,4.72086253393117,8.57782265071927,WA_2021
106,4.78886343365583,7.61385062512716,WA_2021
107,4.39886317763626,8.09094509615518,WA_2021
108,4.09586327279661,7.61384785621329,WA_2021
109,4.90186222024745,8.94336810152509,WA_2021
11,5.10486354163273,8.63407013972428,WA_2021
110,4.90336279685605,8.77936029322224,WA_2021
111,5.33786329960101,7.97928474651295,WA_2021
112,5.01336334954254,8.71784919920832,WA_2021
113,5.53586349321836,7.39899558060573,WA_2021
114,5.18886323745893,7.97927965066032,WA_2021
115,4.29636294826722,8.70823598634431,WA_2021
116,4.26186285194974,8.36369738983958,WA_2021
117,5.6218634255026,7.3989954342957,WA_2021
118,5.22486349321836,7.39899558060573,WA_2021
119,4.98186323745893,7.97927965066032,WA_2021
12,4.74086326979735,7.97928277574192,WA_2021
120,4.89936294826722,8.70823598634431,WA_2021
121,4.76186285194974,8.36369738983958,WA_2021
122,5.02436302073267,8.77938310098732,WA_2021
123,5.08886273827166,8.36365200785782,WA_2021
124,4.06586320010958,7.61384587637472,WA_2021
125,4.00686279504516,8.36367637558765,WA_2021
126,4.37186273827165,8.36365200785782,WA_2021
127,4.56686320010958,7.61384587637472,WA_2021
128,3.83386335201598,7.61384943453499,WA_2021
129,4.59286354163273,8.63407013972428,WA_2021
13,4.70486279504517,8.36367637558765,WA_2021
130,4.47786320010959,7.61384587637472,WA_2021
131,5.56336294826723,8.70823598634431,WA_2021
132,3.90536312804953,8.77939219672729,WA_2021
133,4.91786273827166,8.36365200785783,WA_2021
134,4.65986210757586,8.94333883730333,WA_2021
135,4.8218635233073,8.63406715677607,WA_2021
136,4.89336300461513,8.70824075089986,WA_2021
137,4.44936326196485,8.71784280857078,WA_2021
138,4.17786343365582,7.61385062512716,WA_2021
139,4.34286290874099,8.36371528461617,WA_2021
14,4.43486335201598,7.61384943453499,WA_2021
140,5.04086317763626,8.09094509615518,WA_2021
141,5.30436326196485,8.71784280857079,WA_2021
142,4.35686230341406,8.57778320644194,WA_2021
143,4.32886348488711,8.63406342901418,WA_2021
144,4.26886199477321,8.94330575012747,WA_2021
145,5.00386329960102,7.97928474651295,WA_2021
146,4.39786308890671,8.09092997662064,WA_2021
147,4.56086222024745,8.94336810152508,WA_2021
148,4.48286241840878,8.57780420018306,WA_2021
149,4.39036289881419,8.70823038905812,WA_2021
15,4.49886253393117,8.57782265071928,WA_2021
150,4.5018635233073,8.63406715677607,WA_2021
151,5.5448634255026,7.3989954342957,WA_2021
152,4.65286199477321,8.94330575012747,WA_2021
153,4.29386230341406,8.57778320644194,WA_2021
154,5.20886334852425,7.39899466341069,WA_2021
155,4.27836279685605,8.77936029322225,WA_2021
156,4.58986317763626,8.09094509615517,WA_2021
157,4.56486222024745,8.94336810152507,WA_2021
158,4.57086303630282,8.0909192661382,WA_2021
159,4.28186285194974,8.36369738983958,WA_2021
16,5.35436302073267,8.77938310098731,WA_2021
160,5.23986199477321,8.94330575012747,WA_2021
161,4.34086335201598,7.61384943453499,WA_2021
162,4.75086285194975,8.36369738983958,WA_2021
163,3.89486348488711,8.63406342901419,WA_2021
164,3.432862908741,8.36371528461617,WA_2021
165,4.25536294826723,8.70823598634432,WA_2021
166,4.17086241840879,8.57780420018306,WA_2021
167,4.91686233293967,8.94339382645701,WA_2021
168,4.95086210757586,8.94333883730333,WA_2021
169,4.05136334954254,8.71784919920831,WA_2021
17,4.49886327279662,7.61384785621329,WA_2021
170,5.09136342367798,8.71785467413717,WA_2021
171,4.58186354389132,7.39899508535518,WA_2021
172,4.40186335201598,7.61384943453499,WA_2021
173,4.73836290998964,8.7793725348483,WA_2021
174,4.06086327279662,7.61384785621329,WA_2021
175,4.59136290998964,8.7793725348483,WA_2021
176,4.77486354389132,7.39899508535518,WA_2021
177,4.70786333205384,7.97928578384876,WA_2021
178,3.98186264936302,8.57783880495298,WA_2021
179,4.33536306569087,8.70824480560106,WA_2021
18,4.95886353784072,8.63407238222328,WA_2021
180,5.05536334954254,8.71784919920831,WA_2021
181,4.16286320010959,7.61384587637471,WA_2021
182,5.22886326979735,7.97928277574191,WA_2021
183,4.46486334852425,7.3989946634107,WA_2021
184,4.92536312804953,8.77939219672729,WA_2021
185,4.35986333205384,7.97928578384876,WA_2021
186,4.31486333205384,7.97928578384876,WA_2021
187,4.89636279685605,8.77936029322226,WA_2021
188,5.54486334852425,7.39899466341069,WA_2021
189,4.62186326979735,7.97928277574191,WA_2021
19,5.42486349321836,7.39899558060573,WA_2021
190,5.01836294826723,8.70823598634433,WA_2021
191,4.58786279504517,8.36367637558765,WA_2021
192,4.08586348488712,8.63406342901418,WA_2021
193,4.42636316497607,8.71783539657771,WA_2021
194,4.61636316497608,8.71783539657771,WA_2021
195,3.78786308890671,8.09092997662064,WA_2021
196,3.86236306569088,8.70824480560107,WA_2021
197,4.66986329960102,7.97928474651296,WA_2021
198,4.61286241840879,8.57780420018306,WA_2021
2,5.83886233293967,8.94339382645701,WA_2021
20,4.78836302073267,8.7793831009873,WA_2021
201,4.83381757255098,99.7968299202657,WA_2021
202,4.40790850466495,99.7970804561741,WA_2021
21,4.86086253393117,8.57782265071928,WA_2021
22,4.26436306569087,8.70824480560107,WA_2021
23,4.74786343365583,7.61385062512715,WA_2021
24,4.64486317763626,8.09094509615517,WA_2021
25,5.15986354389132,7.39899508535519,WA_2021
26,5.73486323745893,7.97927965066031,WA_2021
27,4.51486353784072,8.63407238222327,WA_2021
28,5.14836334954254,8.71784919920832,WA_2021
29,3.82686279504517,8.36367637558764,WA_2021
3,4.99986317763626,8.09094509615517,WA_2021
30,5.06986210757587,8.94333883730333,WA_2021
31,4.69236302073267,8.7793831009873,WA_2021
32,4.497862908741,8.36371528461618,WA_2021
33,4.71086329960102,7.97928474651296,WA_2021
34,4.58886313610022,8.09093849703121,WA_2021
35,4.68386303630282,8.0909192661382,WA_2021
36,4.14886333205384,7.97928578384876,WA_2021
37,4.93786273827166,8.36365200785783,WA_2021
38,4.95386353784072,8.63407238222328,WA_2021
39,4.74286199477321,8.94330575012748,WA_2021
4,4.60536312804953,8.77939219672729,WA_2021
40,4.26886329960102,7.97928474651295,WA_2021
41,5.55886342550261,7.39899543429569,WA_2021
42,4.41036326196485,8.71784280857079,WA_2021
43,4.54186313610022,8.09093849703121,WA_2021
44,4.38236342367799,8.71785467413717,WA_2021
45,5.17686354163273,8.63407013972428,WA_2021
46,5.22186342550261,7.39899543429568,WA_2021
47,4.65836326196485,8.71784280857078,WA_2021
48,5.33736334954254,8.71784919920833,WA_2021
49,4.40786264936303,8.57783880495297,WA_2021
5,5.65286342550261,7.39899543429569,WA_2021
50,4.92286326979736,7.97928277574191,WA_2021
51,5.35586354163273,8.63407013972428,WA_2021
52,5.29786308890672,8.09092997662065,WA_2021
53,4.9893628988142,8.70823038905812,WA_2021
54,4.75386348488712,8.63406342901417,WA_2021
55,5.10936279685605,8.77936029322224,WA_2021
56,4.62336306569088,8.70824480560107,WA_2021
57,3.92486264936303,8.57783880495297,WA_2021
58,5.04036316497607,8.71783539657771,WA_2021
59,4.21286264936303,8.57783880495297,WA_2021
6,5.45586303630282,8.0909192661382,WA_2021
60,4.64786233293968,8.94339382645702,WA_2021
61,3.97436300461514,8.70824075089988,WA_2021
62,5.72186210757587,8.94333883730334,WA_2021
63,4.60936290998964,8.7793725348483,WA_2021
64,4.99286352330731,8.63406715677608,WA_2021
65,5.36286222024746,8.94336810152509,WA_2021
66,5.47786323745893,7.97927965066032,WA_2021
67,4.30686335201599,7.61384943453501,WA_2021
68,4.98836300461513,8.70824075089988,WA_2021
69,5.14986279504516,8.36367637558765,WA_2021
7,4.82936279685605,8.77936029322224,WA_2021
70,4.82286348488712,8.63406342901418,WA_2021
71,5.73786334852426,7.39899466341069,WA_2021
72,4.64086353784072,8.63407238222328,WA_2021
73,5.3663628988142,8.70823038905812,WA_2021
74,4.20086352330731,8.63406715677607,WA_2021
75,4.34036342367799,8.71785467413717,WA_2021
76,3.89986313610022,8.09093849703121,WA_2021
77,4.33286273827166,8.36365200785783,WA_2021
78,5.07086313610022,8.09093849703121,WA_2021
79,4.75386354389132,7.3989950853552,WA_2021
8,5.06086353784072,8.63407238222328,WA_2021
80,5.40986349321836,7.39899558060574,WA_2021
81,4.47286199477321,8.94330575012748,WA_2021
82,5.48186303630283,8.0909192661382,WA_2021
83,5.19786210757586,8.94333883730333,WA_2021
84,4.732862908741,8.36371528461618,WA_2021
85,3.19586264936302,8.57783880495297,WA_2021
86,4.53136312804953,8.7793921967273,WA_2021
87,5.05086327279662,7.6138478562133,WA_2021
88,4.97086241840879,8.57780420018305,WA_2021
89,5.14636300461513,8.70824075089987,WA_2021
9,4.30786233293967,8.94339382645703,WA_2021
90,4.85686313610022,8.09093849703122,WA_2021
91,4.84986323745893,7.97927965066032,WA_2021
92,4.76386253393117,8.5778226507193,WA_2021
93,4.75736326196485,8.71784280857079,WA_2021
94,4.66136306569087,8.70824480560106,WA_2021
95,5.15086349321836,7.39899558060574,WA_2021
96,4.97186230341407,8.57778320644193,WA_2021
97,4.61536312804953,8.7793921967273,WA_2021
98,4.49936316497608,8.71783539657771,WA_2021
99,4.37286320010959,7.6138458763747,WA_2021
