N,Sample,DM,CP,Ash,aNDForm,ADICP,NDICP,SP,A2,B1,B2,C,A,B,kd,ERD6,Block,Column,Row,Position,Treatment,merged,Location,Year,Env,DM_201,CP_201,Ash_201,aNDForm_201,ADICP_201,NDICP_201,SP_201,A2_201,B1_201,B2_201,C_201,A_201,B_201,kd_201,ERD6_201,DM_202,CP_202,Ash_202,aNDForm_202,ADICP_202,NDICP_202,SP_202,A2_202,B1_202,B2_202,C_202,A_202,B_202,kd_202,ERD6_202
663,120101,92.637,22.988,11.445,28.059,0.79,1.178,12.439,54.57,40.482,1.609,3.607,10.983,85.274,0.071,56.561,1,1,1,1,80,ID_2020,ID,2020,ID_2020,92.22,21.662,11.904,28.55,0.805,1.178,12.045,56.111,38.462,1.595,3.858,10.718,85.257,0.071,56.718,91.92,23.501,12.174,26.797,0.694,0.965,12.196,53.57,42.59,1.066,2.899,11.829,84.903,0.073,59.216
664,120102,92.712,22.01,11.779,29.148,0.866,1.283,12.459,56.204,37.867,1.727,3.879,11.204,84.9,0.062,54.983,1,1,2,2,132,ID_2020,ID,2020,ID_2020,92.22,21.662,11.904,28.55,0.805,1.178,12.045,56.111,38.462,1.595,3.858,10.718,85.257,0.071,56.718,91.92,23.501,12.174,26.797,0.694,0.965,12.196,53.57,42.59,1.066,2.899,11.829,84.903,0.073,59.216
665,120103,91.92,23.501,12.174,26.797,0.694,0.965,12.196,53.57,42.59,1.066,2.899,11.829,84.903,0.073,59.216,1,1,3,3,202,ID_2020,ID,2020,ID_2020,92.22,21.662,11.904,28.55,0.805,1.178,12.045,56.111,38.462,1.595,3.858,10.718,85.257,0.071,56.718,91.92,23.501,12.174,26.797,0.694,0.965,12.196,53.57,42.59,1.066,2.899,11.829,84.903,0.073,59.216
666,120104,92.516,21.391,10.666,30.514,0.854,1.312,11.936,55.38,38.428,1.891,3.889,12.033,84.041,0.058,54.059,1,1,4,4,103,ID_2020,ID,2020,ID_2020,92.22,21.662,11.904,28.55,0.805,1.178,12.045,56.111,38.462,1.595,3.858,10.718,85.257,0.071,56.718,91.92,23.501,12.174,26.797,0.694,0.965,12.196,53.57,42.59,1.066,2.899,11.829,84.903,0.073,59.216
667,120105,92.22,21.662,11.904,28.55,0.805,1.178,12.045,56.111,38.462,1.595,3.858,10.718,85.257,0.071,56.718,1,2,1,5,201,ID_2020,ID,2020,ID_2020,92.22,21.662,11.904,28.55,0.805,1.178,12.045,56.111,38.462,1.595,3.858,10.718,85.257,0.071,56.718,91.92,23.501,12.174,26.797,0.694,0.965,12.196,53.57,42.59,1.066,2.899,11.829,84.903,0.073,59.216
668,120106,92.459,22.659,11.243,28.213,0.806,1.246,11.822,53.257,40.961,1.788,3.862,11.079,84.89,0.072,56.66,1,2,2,6,104,ID_2020,ID,2020,ID_2020,92.22,21.662,11.904,28.55,0.805,1.178,12.045,56.111,38.462,1.595,3.858,10.718,85.257,0.071,56.718,91.92,23.501,12.174,26.797,0.694,0.965,12.196,53.57,42.59,1.066,2.899,11.829,84.903,0.073,59.216
669,120107,92.45,24.249,11.766,26.826,0.752,1.172,12.391,51.026,44.239,1.347,3.289,12.693,83.99,0.071,57.341,1,2,3,7,43,ID_2020,ID,2020,ID_2020,92.22,21.662,11.904,28.55,0.805,1.178,12.045,56.111,38.462,1.595,3.858,10.718,85.257,0.071,56.718,91.92,23.501,12.174,26.797,0.694,0.965,12.196,53.57,42.59,1.066,2.899,11.829,84.903,0.073,59.216
670,120108,92.505,22.457,11.775,26.584,0.849,1.29,12.457,54.775,39.681,1.865,3.526,12.115,84.207,0.058,54.764,1,2,4,8,154,ID_2020,ID,2020,ID_2020,92.22,21.662,11.904,28.55,0.805,1.178,12.045,56.111,38.462,1.595,3.858,10.718,85.257,0.071,56.718,91.92,23.501,12.174,26.797,0.694,0.965,12.196,53.57,42.59,1.066,2.899,11.829,84.903,0.073,59.216
671,120109,92.869,23.273,12.202,26.052,0.966,1.547,12.795,54.041,39.043,2.378,4.256,11.434,84.192,0.063,54.375,1,3,1,9,40,ID_2020,ID,2020,ID_2020,92.22,21.662,11.904,28.55,0.805,1.178,12.045,56.111,38.462,1.595,3.858,10.718,85.257,0.071,56.718,91.92,23.501,12.174,26.797,0.694,0.965,12.196,53.57,42.59,1.066,2.899,11.829,84.903,0.073,59.216
672,120110,92.498,23.178,11.772,27.362,0.759,1.203,12.15,54.078,40.851,1.591,3.532,10.748,85.584,0.076,58.753,1,3,2,10,78,ID_2020,ID,2020,ID_2020,92.22,21.662,11.904,28.55,0.805,1.178,12.045,56.111,38.462,1.595,3.858,10.718,85.257,0.071,56.718,91.92,23.501,12.174,26.797,0.694,0.965,12.196,53.57,42.59,1.066,2.899,11.829,84.903,0.073,59.216
673,120111,92.978,22.235,11.845,28.231,0.849,1.256,11.593,51.491,42.56,1.853,3.67,13.326,83.015,0.062,56.009,1,3,3,11,91,ID_2020,ID,2020,ID_2020,92.22,21.662,11.904,28.55,0.805,1.178,12.045,56.111,38.462,1.595,3.858,10.718,85.257,0.071,56.718,91.92,23.501,12.174,26.797,0.694,0.965,12.196,53.57,42.59,1.066,2.899,11.829,84.903,0.073,59.216
674,120112,92.838,22.848,11.701,28.565,0.87,1.318,11.955,51.586,42.634,1.834,3.697,13.962,82.316,0.058,54.201,1,3,4,12,48,ID_2020,ID,2020,ID_2020,92.22,21.662,11.904,28.55,0.805,1.178,12.045,56.111,38.462,1.595,3.858,10.718,85.257,0.071,56.718,91.92,23.501,12.174,26.797,0.694,0.965,12.196,53.57,42.59,1.066,2.899,11.829,84.903,0.073,59.216
675,120113,92.335,21.682,11.792,29.43,0.789,1.164,11.72,54.889,39.828,1.55,3.875,11.33,84.669,0.073,57.738,1,4,1,13,72,ID_2020,ID,2020,ID_2020,92.22,21.662,11.904,28.55,0.805,1.178,12.045,56.111,38.462,1.595,3.858,10.718,85.257,0.071,56.718,91.92,23.501,12.174,26.797,0.694,0.965,12.196,53.57,42.59,1.066,2.899,11.829,84.903,0.073,59.216
676,120114,92.839,22.61,11.84,27.51,0.894,1.364,12.379,53.998,39.73,1.959,3.783,12.347,83.755,0.059,54.9,1,4,2,14,178,ID_2020,ID,2020,ID_2020,92.22,21.662,11.904,28.55,0.805,1.178,12.045,56.111,38.462,1.595,3.858,10.718,85.257,0.071,56.718,91.92,23.501,12.174,26.797,0.694,0.965,12.196,53.57,42.59,1.066,2.899,11.829,84.903,0.073,59.216
677,120115,92.564,22.324,11.408,28.433,0.817,1.177,11.756,53.555,40.885,1.589,3.847,11.606,84.367,0.068,56.283,1,4,3,15,110,ID_2020,ID,2020,ID_2020,92.22,21.662,11.904,28.55,0.805,1.178,12.045,56.111,38.462,1.595,3.858,10.718,85.257,0.071,56.718,91.92,23.501,12.174,26.797,0.694,0.965,12.196,53.57,42.59,1.066,2.899,11.829,84.903,0.073,59.216
678,120116,91.951,23.433,11.973,26.734,0.77,1.157,12.106,51.722,43.681,1.523,3.418,12.788,83.673,0.071,57.319,1,4,4,16,16,ID_2020,ID,2020,ID_2020,92.22,21.662,11.904,28.55,0.805,1.178,12.045,56.111,38.462,1.595,3.858,10.718,85.257,0.071,56.718,91.92,23.501,12.174,26.797,0.694,0.965,12.196,53.57,42.59,1.066,2.899,11.829,84.903,0.073,59.216
679,120117,92.788,24.653,11.956,26.646,0.864,1.303,12.68,49.962,44.963,1.566,3.241,14.862,81.679,0.057,54.619,1,5,1,17,44,ID_2020,ID,2020,ID_2020,92.22,21.662,11.904,28.55,0.805,1.178,12.045,56.111,38.462,1.595,3.858,10.718,85.257,0.071,56.718,91.92,23.501,12.174,26.797,0.694,0.965,12.196,53.57,42.59,1.066,2.899,11.829,84.903,0.073,59.216
680,120118,92.332,23.207,11.339,27.949,0.758,1.111,11.196,48.821,46.439,1.53,3.464,14.211,82.235,0.069,57.458,1,5,2,18,51,ID_2020,ID,2020,ID_2020,92.22,21.662,11.904,28.55,0.805,1.178,12.045,56.111,38.462,1.595,3.858,10.718,85.257,0.071,56.718,91.92,23.501,12.174,26.797,0.694,0.965,12.196,53.57,42.59,1.066,2.899,11.829,84.903,0.073,59.216
681,120119,92.22,23.669,11.146,26.19,0.757,1.271,12.577,53.359,41.776,1.805,3.346,11.594,84.947,0.071,59.047,1,5,3,19,130,ID_2020,ID,2020,ID_2020,92.22,21.662,11.904,28.55,0.805,1.178,12.045,56.111,38.462,1.595,3.858,10.718,85.257,0.071,56.718,91.92,23.501,12.174,26.797,0.694,0.965,12.196,53.57,42.59,1.066,2.899,11.829,84.903,0.073,59.216
682,120120,92.053,22.209,11.33,23.684,0.681,1.122,12.181,56.347,38.763,1.72,3.245,9.227,87.361,0.076,59.415,1,5,4,20,166,ID_2020,ID,2020,ID_2020,92.22,21.662,11.904,28.55,0.805,1.178,12.045,56.111,38.462,1.595,3.858,10.718,85.257,0.071,56.718,91.92,23.501,12.174,26.797,0.694,0.965,12.196,53.57,42.59,1.066,2.899,11.829,84.903,0.073,59.216
683,120201,92.019,20.856,11.286,28.932,0.708,1.107,10.862,53.411,41.425,1.715,3.68,11.635,84.581,0.075,59.059,2,1,1,1,54,ID_2020,ID,2020,ID_2020,92.31,21.425,11.244,29.635,0.757,1.106,10.892,51.098,43.846,1.499,3.702,13.735,82.6,0.069,58.237,92.783,22.858,11.213,28.282,0.767,1.149,11.534,51.048,44.024,1.481,3.441,12.856,83.576,0.069,57.146
684,120202,92.41,23.442,11.817,27.254,0.715,1.085,11.37,49.627,46.143,1.523,3.055,13.78,82.995,0.068,58.258,2,1,2,2,15,ID_2020,ID,2020,ID_2020,92.31,21.425,11.244,29.635,0.757,1.106,10.892,51.098,43.846,1.499,3.702,13.735,82.6,0.069,58.237,92.783,22.858,11.213,28.282,0.767,1.149,11.534,51.048,44.024,1.481,3.441,12.856,83.576,0.069,57.146
685,120203,92.31,21.425,11.244,29.635,0.757,1.106,10.892,51.098,43.846,1.499,3.702,13.735,82.6,0.069,58.237,2,1,3,3,201,ID_2020,ID,2020,ID_2020,92.31,21.425,11.244,29.635,0.757,1.106,10.892,51.098,43.846,1.499,3.702,13.735,82.6,0.069,58.237,92.783,22.858,11.213,28.282,0.767,1.149,11.534,51.048,44.024,1.481,3.441,12.856,83.576,0.069,57.146
686,120204,92.305,21.763,10.645,28.772,0.761,1.199,10.938,51.324,43.591,1.918,3.744,12.914,83.261,0.068,58.006,2,1,4,4,6,ID_2020,ID,2020,ID_2020,92.31,21.425,11.244,29.635,0.757,1.106,10.892,51.098,43.846,1.499,3.702,13.735,82.6,0.069,58.237,92.783,22.858,11.213,28.282,0.767,1.149,11.534,51.048,44.024,1.481,3.441,12.856,83.576,0.069,57.146
687,120205,92.419,25.446,11.767,24.505,0.733,1.101,13.408,53.312,42.88,1.131,2.721,11.862,85.256,0.069,58.227,2,2,1,5,33,ID_2020,ID,2020,ID_2020,92.31,21.425,11.244,29.635,0.757,1.106,10.892,51.098,43.846,1.499,3.702,13.735,82.6,0.069,58.237,92.783,22.858,11.213,28.282,0.767,1.149,11.534,51.048,44.024,1.481,3.441,12.856,83.576,0.069,57.146
688,120206,92.543,24.323,11.782,26.892,0.731,1.138,12.022,49.141,46.558,1.381,3.061,13.627,83.216,0.07,58.179,2,2,2,6,100,ID_2020,ID,2020,ID_2020,92.31,21.425,11.244,29.635,0.757,1.106,10.892,51.098,43.846,1.499,3.702,13.735,82.6,0.069,58.237,92.783,22.858,11.213,28.282,0.767,1.149,11.534,51.048,44.024,1.481,3.441,12.856,83.576,0.069,57.146
689,120207,91.846,23.819,11.709,26.987,0.735,1.121,10.989,46.116,49.568,1.568,3.099,16.491,80.365,0.064,57.718,2,2,3,7,179,ID_2020,ID,2020,ID_2020,92.31,21.425,11.244,29.635,0.757,1.106,10.892,51.098,43.846,1.499,3.702,13.735,82.6,0.069,58.237,92.783,22.858,11.213,28.282,0.767,1.149,11.534,51.048,44.024,1.481,3.441,12.856,83.576,0.069,57.146
690,120208,92.082,25.119,11.407,25.798,0.78,1.287,12.87,51.088,44.33,1.632,3.165,12.912,83.759,0.064,57.036,2,2,4,8,126,ID_2020,ID,2020,ID_2020,92.31,21.425,11.244,29.635,0.757,1.106,10.892,51.098,43.846,1.499,3.702,13.735,82.6,0.069,58.237,92.783,22.858,11.213,28.282,0.767,1.149,11.534,51.048,44.024,1.481,3.441,12.856,83.576,0.069,57.146
691,120209,92.266,21.999,10.561,29.081,0.752,1.143,11.534,54.391,40.468,1.585,3.683,11.192,85.077,0.07,59.196,2,3,1,9,92,ID_2020,ID,2020,ID_2020,92.31,21.425,11.244,29.635,0.757,1.106,10.892,51.098,43.846,1.499,3.702,13.735,82.6,0.069,58.237,92.783,22.858,11.213,28.282,0.767,1.149,11.534,51.048,44.024,1.481,3.441,12.856,83.576,0.069,57.146
692,120210,92.212,22.818,11.81,28.504,0.774,1.221,10.784,48.01,46.934,1.799,3.519,15.561,80.752,0.063,56.869,2,3,2,10,174,ID_2020,ID,2020,ID_2020,92.31,21.425,11.244,29.635,0.757,1.106,10.892,51.098,43.846,1.499,3.702,13.735,82.6,0.069,58.237,92.783,22.858,11.213,28.282,0.767,1.149,11.534,51.048,44.024,1.481,3.441,12.856,83.576,0.069,57.146
693,120211,92.575,24.263,12.024,27.096,0.826,1.228,12.031,49.222,45.744,1.509,3.537,14.623,81.787,0.065,55.3,2,3,3,11,28,ID_2020,ID,2020,ID_2020,92.31,21.425,11.244,29.635,0.757,1.106,10.892,51.098,43.846,1.499,3.702,13.735,82.6,0.069,58.237,92.783,22.858,11.213,28.282,0.767,1.149,11.534,51.048,44.024,1.481,3.441,12.856,83.576,0.069,57.146
694,120212,91.841,22.712,11.206,27.658,0.706,1.158,11.235,50.256,44.969,1.705,3.191,14.031,82.585,0.069,59.031,2,3,4,12,144,ID_2020,ID,2020,ID_2020,92.31,21.425,11.244,29.635,0.757,1.106,10.892,51.098,43.846,1.499,3.702,13.735,82.6,0.069,58.237,92.783,22.858,11.213,28.282,0.767,1.149,11.534,51.048,44.024,1.481,3.441,12.856,83.576,0.069,57.146
695,120213,92.783,22.858,11.213,28.282,0.767,1.149,11.534,51.048,44.024,1.481,3.441,12.856,83.576,0.069,57.146,2,4,1,13,202,ID_2020,ID,2020,ID_2020,92.31,21.425,11.244,29.635,0.757,1.106,10.892,51.098,43.846,1.499,3.702,13.735,82.6,0.069,58.237,92.783,22.858,11.213,28.282,0.767,1.149,11.534,51.048,44.024,1.481,3.441,12.856,83.576,0.069,57.146
696,120214,92.508,22.701,11.685,28.46,0.793,1.181,11.56,51.9,42.934,1.603,3.511,13.462,82.956,0.066,56.683,2,4,2,14,66,ID_2020,ID,2020,ID_2020,92.31,21.425,11.244,29.635,0.757,1.106,10.892,51.098,43.846,1.499,3.702,13.735,82.6,0.069,58.237,92.783,22.858,11.213,28.282,0.767,1.149,11.534,51.048,44.024,1.481,3.441,12.856,83.576,0.069,57.146
697,120215,92.346,26.087,11.769,24.003,0.756,1.235,13.093,49.564,46.062,1.494,2.674,13.85,83.399,0.066,56.931,2,4,3,15,90,ID_2020,ID,2020,ID_2020,92.31,21.425,11.244,29.635,0.757,1.106,10.892,51.098,43.846,1.499,3.702,13.735,82.6,0.069,58.237,92.783,22.858,11.213,28.282,0.767,1.149,11.534,51.048,44.024,1.481,3.441,12.856,83.576,0.069,57.146
698,120216,92.74,23.729,11.257,28.406,0.814,1.115,12.165,51.911,43.373,1.397,3.588,12.427,83.991,0.069,57.964,2,4,4,16,68,ID_2020,ID,2020,ID_2020,92.31,21.425,11.244,29.635,0.757,1.106,10.892,51.098,43.846,1.499,3.702,13.735,82.6,0.069,58.237,92.783,22.858,11.213,28.282,0.767,1.149,11.534,51.048,44.024,1.481,3.441,12.856,83.576,0.069,57.146
699,120217,92.745,22.865,11.541,27.617,0.769,1.196,11.287,50.299,44.375,1.621,3.494,13.353,82.971,0.072,58.208,2,5,1,17,149,ID_2020,ID,2020,ID_2020,92.31,21.425,11.244,29.635,0.757,1.106,10.892,51.098,43.846,1.499,3.702,13.735,82.6,0.069,58.237,92.783,22.858,11.213,28.282,0.767,1.149,11.534,51.048,44.024,1.481,3.441,12.856,83.576,0.069,57.146
700,120218,92.519,21.987,11.288,29.167,0.788,1.196,11.781,54.494,39.838,1.605,3.834,11.302,84.753,0.069,57.446,2,5,2,18,102,ID_2020,ID,2020,ID_2020,92.31,21.425,11.244,29.635,0.757,1.106,10.892,51.098,43.846,1.499,3.702,13.735,82.6,0.069,58.237,92.783,22.858,11.213,28.282,0.767,1.149,11.534,51.048,44.024,1.481,3.441,12.856,83.576,0.069,57.146
701,120219,92.914,22.969,11.889,27.599,0.828,1.322,11.443,51.369,41.513,1.978,3.689,12.007,83.953,0.068,56.699,2,5,3,19,168,ID_2020,ID,2020,ID_2020,92.31,21.425,11.244,29.635,0.757,1.106,10.892,51.098,43.846,1.499,3.702,13.735,82.6,0.069,58.237,92.783,22.858,11.213,28.282,0.767,1.149,11.534,51.048,44.024,1.481,3.441,12.856,83.576,0.069,57.146
702,120220,92.529,23.684,11.677,27.32,0.725,1.099,11.171,47.783,47.919,1.641,2.986,14.953,81.932,0.065,57.346,2,5,4,20,164,ID_2020,ID,2020,ID_2020,92.31,21.425,11.244,29.635,0.757,1.106,10.892,51.098,43.846,1.499,3.702,13.735,82.6,0.069,58.237,92.783,22.858,11.213,28.282,0.767,1.149,11.534,51.048,44.024,1.481,3.441,12.856,83.576,0.069,57.146
703,120301,92.435,23.723,11.141,27.254,0.834,1.25,12.346,51.914,42.933,1.606,3.528,12.803,83.493,0.062,54.518,3,1,1,1,186,ID_2020,ID,2020,ID_2020,91.773,23.997,11.164,27.209,0.785,1.28,12.417,51.763,43.092,1.628,3.262,13.669,82.784,0.06,55.536,92.388,23.223,10.936,27.794,0.804,1.171,11.034,47.655,47.221,1.584,3.548,15.087,81.17,0.064,57.897
704,120302,92.092,23.371,11.155,27.818,0.774,1.178,11.524,50.052,44.911,1.648,3.338,14.169,82.294,0.064,56.627,3,1,2,2,159,ID_2020,ID,2020,ID_2020,91.773,23.997,11.164,27.209,0.785,1.28,12.417,51.763,43.092,1.628,3.262,13.669,82.784,0.06,55.536,92.388,23.223,10.936,27.794,0.804,1.171,11.034,47.655,47.221,1.584,3.548,15.087,81.17,0.064,57.897
705,120303,92.597,23.434,11.15,29.759,0.83,1.238,11.377,48.222,46.865,1.604,3.733,15.207,80.947,0.059,55.849,3,1,3,3,147,ID_2020,ID,2020,ID_2020,91.773,23.997,11.164,27.209,0.785,1.28,12.417,51.763,43.092,1.628,3.262,13.669,82.784,0.06,55.536,92.388,23.223,10.936,27.794,0.804,1.171,11.034,47.655,47.221,1.584,3.548,15.087,81.17,0.064,57.897
706,120304,92.292,23.79,11.885,28.358,0.783,1.164,11.21,46.798,48.44,1.507,3.429,15.798,80.565,0.063,57.153,3,1,4,4,109,ID_2020,ID,2020,ID_2020,91.773,23.997,11.164,27.209,0.785,1.28,12.417,51.763,43.092,1.628,3.262,13.669,82.784,0.06,55.536,92.388,23.223,10.936,27.794,0.804,1.171,11.034,47.655,47.221,1.584,3.548,15.087,81.17,0.064,57.897
707,120305,92.455,25.106,12.254,26.469,0.811,1.209,12.53,49.046,46.518,1.376,3.211,14.52,82.242,0.066,56.674,3,2,1,5,29,ID_2020,ID,2020,ID_2020,91.773,23.997,11.164,27.209,0.785,1.28,12.417,51.763,43.092,1.628,3.262,13.669,82.784,0.06,55.536,92.388,23.223,10.936,27.794,0.804,1.171,11.034,47.655,47.221,1.584,3.548,15.087,81.17,0.064,57.897
708,120306,92.17,25.893,11.105,23.642,0.747,1.251,12.437,47.282,48.235,1.579,2.97,14.648,82.286,0.068,57.926,3,2,2,6,75,ID_2020,ID,2020,ID_2020,91.773,23.997,11.164,27.209,0.785,1.28,12.417,51.763,43.092,1.628,3.262,13.669,82.784,0.06,55.536,92.388,23.223,10.936,27.794,0.804,1.171,11.034,47.655,47.221,1.584,3.548,15.087,81.17,0.064,57.897
709,120307,92.686,24.352,11.503,27.107,0.77,1.119,11.942,48.756,46.862,1.192,3.167,14.645,82.172,0.065,57.283,3,2,3,7,161,ID_2020,ID,2020,ID_2020,91.773,23.997,11.164,27.209,0.785,1.28,12.417,51.763,43.092,1.628,3.262,13.669,82.784,0.06,55.536,92.388,23.223,10.936,27.794,0.804,1.171,11.034,47.655,47.221,1.584,3.548,15.087,81.17,0.064,57.897
710,120308,91.985,23.803,11.586,27.582,0.777,1.288,11.549,48.578,46.479,1.742,3.337,15.476,81.051,0.064,58.232,3,2,4,8,127,ID_2020,ID,2020,ID_2020,91.773,23.997,11.164,27.209,0.785,1.28,12.417,51.763,43.092,1.628,3.262,13.669,82.784,0.06,55.536,92.388,23.223,10.936,27.794,0.804,1.171,11.034,47.655,47.221,1.584,3.548,15.087,81.17,0.064,57.897
711,120309,92.067,23.331,11.921,26.73,0.732,1.188,11.405,49.843,45.45,1.652,3.232,14.317,82.254,0.073,59.398,3,3,1,9,120,ID_2020,ID,2020,ID_2020,91.773,23.997,11.164,27.209,0.785,1.28,12.417,51.763,43.092,1.628,3.262,13.669,82.784,0.06,55.536,92.388,23.223,10.936,27.794,0.804,1.171,11.034,47.655,47.221,1.584,3.548,15.087,81.17,0.064,57.897
712,120310,92.169,23.607,10.903,26.086,0.756,1.236,12.266,52.846,42.028,1.797,3.222,11.951,84.665,0.067,56.413,3,3,2,10,155,ID_2020,ID,2020,ID_2020,91.773,23.997,11.164,27.209,0.785,1.28,12.417,51.763,43.092,1.628,3.262,13.669,82.784,0.06,55.536,92.388,23.223,10.936,27.794,0.804,1.171,11.034,47.655,47.221,1.584,3.548,15.087,81.17,0.064,57.897
713,120311,92.697,23.248,10.654,26.409,0.78,1.206,12.237,53.102,41.721,1.558,3.461,11.436,84.905,0.066,56.035,3,3,3,11,41,ID_2020,ID,2020,ID_2020,91.773,23.997,11.164,27.209,0.785,1.28,12.417,51.763,43.092,1.628,3.262,13.669,82.784,0.06,55.536,92.388,23.223,10.936,27.794,0.804,1.171,11.034,47.655,47.221,1.584,3.548,15.087,81.17,0.064,57.897
714,120312,92.637,23.903,11.556,26.373,0.776,1.143,11.911,50.132,44.909,1.325,3.396,12.897,83.609,0.072,57.643,3,3,4,12,151,ID_2020,ID,2020,ID_2020,91.773,23.997,11.164,27.209,0.785,1.28,12.417,51.763,43.092,1.628,3.262,13.669,82.784,0.06,55.536,92.388,23.223,10.936,27.794,0.804,1.171,11.034,47.655,47.221,1.584,3.548,15.087,81.17,0.064,57.897
715,120313,92.705,23.532,11.077,26.982,0.783,1.198,11.862,50.677,44.389,1.586,3.342,13.49,83.015,0.065,57.739,3,4,1,13,150,ID_2020,ID,2020,ID_2020,91.773,23.997,11.164,27.209,0.785,1.28,12.417,51.763,43.092,1.628,3.262,13.669,82.784,0.06,55.536,92.388,23.223,10.936,27.794,0.804,1.171,11.034,47.655,47.221,1.584,3.548,15.087,81.17,0.064,57.897
716,120314,91.773,23.997,11.164,27.209,0.785,1.28,12.417,51.763,43.092,1.628,3.262,13.669,82.784,0.06,55.536,3,4,2,14,201,ID_2020,ID,2020,ID_2020,91.773,23.997,11.164,27.209,0.785,1.28,12.417,51.763,43.092,1.628,3.262,13.669,82.784,0.06,55.536,92.388,23.223,10.936,27.794,0.804,1.171,11.034,47.655,47.221,1.584,3.548,15.087,81.17,0.064,57.897
717,120315,92.768,21.768,10.899,29.474,0.819,1.21,10.911,50.419,44.508,1.755,3.805,14.618,81.467,0.062,57.01,3,4,3,15,195,ID_2020,ID,2020,ID_2020,91.773,23.997,11.164,27.209,0.785,1.28,12.417,51.763,43.092,1.628,3.262,13.669,82.784,0.06,55.536,92.388,23.223,10.936,27.794,0.804,1.171,11.034,47.655,47.221,1.584,3.548,15.087,81.17,0.064,57.897
718,120316,92.349,24.148,11.273,26.37,0.826,1.361,11.84,49.462,44.824,2.031,3.273,14.608,81.946,0.06,56.317,3,4,4,16,108,ID_2020,ID,2020,ID_2020,91.773,23.997,11.164,27.209,0.785,1.28,12.417,51.763,43.092,1.628,3.262,13.669,82.784,0.06,55.536,92.388,23.223,10.936,27.794,0.804,1.171,11.034,47.655,47.221,1.584,3.548,15.087,81.17,0.064,57.897
719,120317,92.578,21.876,11.542,28.288,0.758,1.153,10.167,47.64,47.002,1.848,3.538,14.845,81.359,0.07,60.435,3,5,1,17,162,ID_2020,ID,2020,ID_2020,91.773,23.997,11.164,27.209,0.785,1.28,12.417,51.763,43.092,1.628,3.262,13.669,82.784,0.06,55.536,92.388,23.223,10.936,27.794,0.804,1.171,11.034,47.655,47.221,1.584,3.548,15.087,81.17,0.064,57.897
720,120318,92.43,23.007,11.398,27.807,0.754,1.181,10.654,46.604,48.427,1.701,3.384,16.031,80.504,0.067,58.031,3,5,2,18,60,ID_2020,ID,2020,ID_2020,91.773,23.997,11.164,27.209,0.785,1.28,12.417,51.763,43.092,1.628,3.262,13.669,82.784,0.06,55.536,92.388,23.223,10.936,27.794,0.804,1.171,11.034,47.655,47.221,1.584,3.548,15.087,81.17,0.064,57.897
721,120319,91.909,21.985,10.819,27.629,0.737,1.138,11.544,53.647,41.449,1.719,3.421,12.034,84.396,0.07,58.176,3,5,3,19,134,ID_2020,ID,2020,ID_2020,91.773,23.997,11.164,27.209,0.785,1.28,12.417,51.763,43.092,1.628,3.262,13.669,82.784,0.06,55.536,92.388,23.223,10.936,27.794,0.804,1.171,11.034,47.655,47.221,1.584,3.548,15.087,81.17,0.064,57.897
722,120320,92.388,23.223,10.936,27.794,0.804,1.171,11.034,47.655,47.221,1.584,3.548,15.087,81.17,0.064,57.897,3,5,4,20,202,ID_2020,ID,2020,ID_2020,91.773,23.997,11.164,27.209,0.785,1.28,12.417,51.763,43.092,1.628,3.262,13.669,82.784,0.06,55.536,92.388,23.223,10.936,27.794,0.804,1.171,11.034,47.655,47.221,1.584,3.548,15.087,81.17,0.064,57.897
723,120401,92.237,22.498,10.976,28.143,0.769,1.212,11.417,51.95,42.809,1.925,3.466,13.549,82.872,0.064,57.235,4,1,1,1,34,ID_2020,ID,2020,ID_2020,92.378,21.676,10.829,29.206,0.771,1.176,11.887,55.121,39.81,1.542,3.561,11.887,84.434,0.064,57.543,92.742,21.835,11.097,28.496,0.8,1.169,11.484,53.872,40.715,1.509,3.809,11.822,84.35,0.067,57.358
724,120402,92.482,23.532,11.145,25.602,0.819,1.223,13.35,57.29,38.01,1.616,3.438,9.738,86.692,0.067,56.574,4,1,2,2,97,ID_2020,ID,2020,ID_2020,92.378,21.676,10.829,29.206,0.771,1.176,11.887,55.121,39.81,1.542,3.561,11.887,84.434,0.064,57.543,92.742,21.835,11.097,28.496,0.8,1.169,11.484,53.872,40.715,1.509,3.809,11.822,84.35,0.067,57.358
725,120403,92.415,21.109,10.725,29.126,0.818,1.178,11.695,56.79,37.549,1.784,3.921,10.854,85.182,0.066,56.261,4,1,3,3,56,ID_2020,ID,2020,ID_2020,92.378,21.676,10.829,29.206,0.771,1.176,11.887,55.121,39.81,1.542,3.561,11.887,84.434,0.064,57.543,92.742,21.835,11.097,28.496,0.8,1.169,11.484,53.872,40.715,1.509,3.809,11.822,84.35,0.067,57.358
726,120404,92.709,22.299,11.282,29.066,0.829,1.159,12.271,54.884,40.664,1.425,3.762,12.115,84.009,0.066,57.175,4,1,4,4,23,ID_2020,ID,2020,ID_2020,92.378,21.676,10.829,29.206,0.771,1.176,11.887,55.121,39.81,1.542,3.561,11.887,84.434,0.064,57.543,92.742,21.835,11.097,28.496,0.8,1.169,11.484,53.872,40.715,1.509,3.809,11.822,84.35,0.067,57.358
727,120405,92.742,21.835,11.097,28.496,0.8,1.169,11.484,53.872,40.715,1.509,3.809,11.822,84.35,0.067,57.358,4,2,1,5,202,ID_2020,ID,2020,ID_2020,92.378,21.676,10.829,29.206,0.771,1.176,11.887,55.121,39.81,1.542,3.561,11.887,84.434,0.064,57.543,92.742,21.835,11.097,28.496,0.8,1.169,11.484,53.872,40.715,1.509,3.809,11.822,84.35,0.067,57.358
728,120406,92.624,22.991,11.299,26.134,0.791,1.188,12.529,55.129,39.618,1.628,3.331,11.015,85.439,0.067,57.129,4,2,2,6,129,ID_2020,ID,2020,ID_2020,92.378,21.676,10.829,29.206,0.771,1.176,11.887,55.121,39.81,1.542,3.561,11.887,84.434,0.064,57.543,92.742,21.835,11.097,28.496,0.8,1.169,11.484,53.872,40.715,1.509,3.809,11.822,84.35,0.067,57.358
729,120407,92.902,23.155,11.128,27.028,0.782,1.122,12.185,53.597,41.384,1.372,3.33,11.663,84.93,0.069,57.293,4,2,3,7,187,ID_2020,ID,2020,ID_2020,92.378,21.676,10.829,29.206,0.771,1.176,11.887,55.121,39.81,1.542,3.561,11.887,84.434,0.064,57.543,92.742,21.835,11.097,28.496,0.8,1.169,11.484,53.872,40.715,1.509,3.809,11.822,84.35,0.067,57.358
730,120408,92.641,22.981,11.09,27.019,0.799,1.235,12.388,54.473,40.43,1.779,3.438,11.501,84.923,0.068,57.174,4,2,4,8,111,ID_2020,ID,2020,ID_2020,92.378,21.676,10.829,29.206,0.771,1.176,11.887,55.121,39.81,1.542,3.561,11.887,84.434,0.064,57.543,92.742,21.835,11.097,28.496,0.8,1.169,11.484,53.872,40.715,1.509,3.809,11.822,84.35,0.067,57.358
731,120409,92.553,25.013,11.2,25.018,0.792,1.214,13.301,53.094,42.393,1.559,3.059,11.479,85.363,0.067,56.89,4,3,1,9,76,ID_2020,ID,2020,ID_2020,92.378,21.676,10.829,29.206,0.771,1.176,11.887,55.121,39.81,1.542,3.561,11.887,84.434,0.064,57.543,92.742,21.835,11.097,28.496,0.8,1.169,11.484,53.872,40.715,1.509,3.809,11.822,84.35,0.067,57.358
732,120410,92.661,23.742,11.039,26.05,0.768,1.214,12.772,54.304,41.079,1.547,3.072,11.89,84.906,0.067,56.715,4,3,2,10,158,ID_2020,ID,2020,ID_2020,92.378,21.676,10.829,29.206,0.771,1.176,11.887,55.121,39.81,1.542,3.561,11.887,84.434,0.064,57.543,92.742,21.835,11.097,28.496,0.8,1.169,11.484,53.872,40.715,1.509,3.809,11.822,84.35,0.067,57.358
733,120411,92.378,21.676,10.829,29.206,0.771,1.176,11.887,55.121,39.81,1.542,3.561,11.887,84.434,0.064,57.543,4,3,3,11,201,ID_2020,ID,2020,ID_2020,92.378,21.676,10.829,29.206,0.771,1.176,11.887,55.121,39.81,1.542,3.561,11.887,84.434,0.064,57.543,92.742,21.835,11.097,28.496,0.8,1.169,11.484,53.872,40.715,1.509,3.809,11.822,84.35,0.067,57.358
734,120412,92.288,23.989,11.001,25.979,0.818,1.303,12.862,53.397,41.755,1.846,3.426,11.323,85.141,0.068,56.81,4,3,4,12,39,ID_2020,ID,2020,ID_2020,92.378,21.676,10.829,29.206,0.771,1.176,11.887,55.121,39.81,1.542,3.561,11.887,84.434,0.064,57.543,92.742,21.835,11.097,28.496,0.8,1.169,11.484,53.872,40.715,1.509,3.809,11.822,84.35,0.067,57.358
735,120413,92.585,22.328,10.646,27.722,0.783,1.192,11.995,54.801,40.069,1.722,3.645,11.058,85.264,0.069,58.455,4,4,1,13,87,ID_2020,ID,2020,ID_2020,92.378,21.676,10.829,29.206,0.771,1.176,11.887,55.121,39.81,1.542,3.561,11.887,84.434,0.064,57.543,92.742,21.835,11.097,28.496,0.8,1.169,11.484,53.872,40.715,1.509,3.809,11.822,84.35,0.067,57.358
736,120414,92.28,21.558,10.781,28.19,0.814,1.259,11.613,54.387,40.011,1.975,3.896,11.247,84.721,0.069,58.312,4,4,2,14,172,ID_2020,ID,2020,ID_2020,92.378,21.676,10.829,29.206,0.771,1.176,11.887,55.121,39.81,1.542,3.561,11.887,84.434,0.064,57.543,92.742,21.835,11.097,28.496,0.8,1.169,11.484,53.872,40.715,1.509,3.809,11.822,84.35,0.067,57.358
737,120415,92.77,22.956,10.866,26.244,0.809,1.23,12.673,55.74,38.974,1.671,3.506,10.651,85.774,0.069,56.883,4,4,3,15,157,ID_2020,ID,2020,ID_2020,92.378,21.676,10.829,29.206,0.771,1.176,11.887,55.121,39.81,1.542,3.561,11.887,84.434,0.064,57.543,92.742,21.835,11.097,28.496,0.8,1.169,11.484,53.872,40.715,1.509,3.809,11.822,84.35,0.067,57.358
738,120416,92.857,23.844,10.845,24.902,0.754,1.229,12.535,52.277,42.928,1.725,3.059,11.5,85.358,0.071,58.952,4,4,4,16,169,ID_2020,ID,2020,ID_2020,92.378,21.676,10.829,29.206,0.771,1.176,11.887,55.121,39.81,1.542,3.561,11.887,84.434,0.064,57.543,92.742,21.835,11.097,28.496,0.8,1.169,11.484,53.872,40.715,1.509,3.809,11.822,84.35,0.067,57.358
739,120417,92.481,23.315,11.193,27.961,0.827,1.239,12.091,52.288,42.325,1.709,3.609,12.674,83.568,0.066,57.208,4,5,1,17,177,ID_2020,ID,2020,ID_2020,92.378,21.676,10.829,29.206,0.771,1.176,11.887,55.121,39.81,1.542,3.561,11.887,84.434,0.064,57.543,92.742,21.835,11.097,28.496,0.8,1.169,11.484,53.872,40.715,1.509,3.809,11.822,84.35,0.067,57.358
740,120418,92.407,23.752,11.172,27.01,0.797,1.271,12.838,54.399,40.58,1.553,3.407,11.955,84.506,0.069,57.369,4,5,2,18,22,ID_2020,ID,2020,ID_2020,92.378,21.676,10.829,29.206,0.771,1.176,11.887,55.121,39.81,1.542,3.561,11.887,84.434,0.064,57.543,92.742,21.835,11.097,28.496,0.8,1.169,11.484,53.872,40.715,1.509,3.809,11.822,84.35,0.067,57.358
741,120419,92.335,23.077,11.178,26.522,0.837,1.311,12.953,57.52,36.584,1.826,3.706,9.521,86.584,0.069,57.053,4,5,3,19,61,ID_2020,ID,2020,ID_2020,92.378,21.676,10.829,29.206,0.771,1.176,11.887,55.121,39.81,1.542,3.561,11.887,84.434,0.064,57.543,92.742,21.835,11.097,28.496,0.8,1.169,11.484,53.872,40.715,1.509,3.809,11.822,84.35,0.067,57.358
742,120420,92.888,22.102,10.025,28.491,0.84,1.259,11.826,54.208,39.956,1.835,3.861,11.351,84.69,0.065,57.036,4,5,4,20,180,ID_2020,ID,2020,ID_2020,92.378,21.676,10.829,29.206,0.771,1.176,11.887,55.121,39.81,1.542,3.561,11.887,84.434,0.064,57.543,92.742,21.835,11.097,28.496,0.8,1.169,11.484,53.872,40.715,1.509,3.809,11.822,84.35,0.067,57.358
743,120501,92.725,24.038,10.996,25.2,0.821,1.255,13.024,54.341,40.716,1.652,3.355,10.824,85.738,0.07,57.075,5,1,1,1,152,ID_2020,ID,2020,ID_2020,92.527,23.788,11.257,27.767,0.823,1.289,12.31,52.335,42.374,1.768,3.524,12.395,83.995,0.067,57.544,92.583,23.51,11.343,25.363,0.813,1.241,12.534,53.151,41.853,1.777,3.432,11.997,84.403,0.067,58.004
744,120502,92.583,23.51,11.343,25.363,0.813,1.241,12.534,53.151,41.853,1.777,3.432,11.997,84.403,0.067,58.004,5,1,2,2,202,ID_2020,ID,2020,ID_2020,92.527,23.788,11.257,27.767,0.823,1.289,12.31,52.335,42.374,1.768,3.524,12.395,83.995,0.067,57.544,92.583,23.51,11.343,25.363,0.813,1.241,12.534,53.151,41.853,1.777,3.432,11.997,84.403,0.067,58.004
745,120503,92.467,22.869,11.222,27.318,0.779,1.225,12.029,53.306,41.418,1.804,3.364,12.13,84.27,0.066,57.206,5,1,3,3,148,ID_2020,ID,2020,ID_2020,92.527,23.788,11.257,27.767,0.823,1.289,12.31,52.335,42.374,1.768,3.524,12.395,83.995,0.067,57.544,92.583,23.51,11.343,25.363,0.813,1.241,12.534,53.151,41.853,1.777,3.432,11.997,84.403,0.067,58.004
746,120504,92.527,23.788,11.257,27.767,0.823,1.289,12.31,52.335,42.374,1.768,3.524,12.395,83.995,0.067,57.544,5,1,4,4,201,ID_2020,ID,2020,ID_2020,92.527,23.788,11.257,27.767,0.823,1.289,12.31,52.335,42.374,1.768,3.524,12.395,83.995,0.067,57.544,92.583,23.51,11.343,25.363,0.813,1.241,12.534,53.151,41.853,1.777,3.432,11.997,84.403,0.067,58.004
747,120505,92.448,25.321,11.346,23.498,0.792,1.363,13.568,53.572,41.302,1.909,3.153,10.748,86.031,0.074,58.983,5,2,1,5,85,ID_2020,ID,2020,ID_2020,92.527,23.788,11.257,27.767,0.823,1.289,12.31,52.335,42.374,1.768,3.524,12.395,83.995,0.067,57.544,92.583,23.51,11.343,25.363,0.813,1.241,12.534,53.151,41.853,1.777,3.432,11.997,84.403,0.067,58.004
748,120506,92.742,23.064,11.44,26.747,0.805,1.211,11.777,51.581,43.249,1.724,3.431,12.885,83.586,0.067,56.362,5,2,2,6,193,ID_2020,ID,2020,ID_2020,92.527,23.788,11.257,27.767,0.823,1.289,12.31,52.335,42.374,1.768,3.524,12.395,83.995,0.067,57.544,92.583,23.51,11.343,25.363,0.813,1.241,12.534,53.151,41.853,1.777,3.432,11.997,84.403,0.067,58.004
749,120507,92.284,24.701,11.848,25.318,0.725,1.209,12.307,49.692,46.409,1.432,2.939,13.93,82.977,0.069,58.931,5,2,3,7,79,ID_2020,ID,2020,ID_2020,92.527,23.788,11.257,27.767,0.823,1.289,12.31,52.335,42.374,1.768,3.524,12.395,83.995,0.067,57.544,92.583,23.51,11.343,25.363,0.813,1.241,12.534,53.151,41.853,1.777,3.432,11.997,84.403,0.067,58.004
750,120508,92.787,21.907,10.851,29.346,0.826,1.241,11.758,54.164,40.227,1.771,3.837,12.019,84.153,0.064,55.353,5,2,4,8,89,ID_2020,ID,2020,ID_2020,92.527,23.788,11.257,27.767,0.823,1.289,12.31,52.335,42.374,1.768,3.524,12.395,83.995,0.067,57.544,92.583,23.51,11.343,25.363,0.813,1.241,12.534,53.151,41.853,1.777,3.432,11.997,84.403,0.067,58.004
751,120509,92.736,21.283,10.921,29.301,0.846,1.295,11.339,54.03,39.755,2.04,4.169,11.786,84.06,0.069,57.297,5,3,1,9,2,ID_2020,ID,2020,ID_2020,92.527,23.788,11.257,27.767,0.823,1.289,12.31,52.335,42.374,1.768,3.524,12.395,83.995,0.067,57.544,92.583,23.51,11.343,25.363,0.813,1.241,12.534,53.151,41.853,1.777,3.432,11.997,84.403,0.067,58.004
752,120510,92.856,20.902,10.429,29.876,0.829,1.183,10.751,52.349,41.865,1.768,4.143,12.473,83.377,0.066,57.657,5,3,2,10,73,ID_2020,ID,2020,ID_2020,92.527,23.788,11.257,27.767,0.823,1.289,12.31,52.335,42.374,1.768,3.524,12.395,83.995,0.067,57.544,92.583,23.51,11.343,25.363,0.813,1.241,12.534,53.151,41.853,1.777,3.432,11.997,84.403,0.067,58.004
753,120511,92.527,22.746,11.082,28.233,0.845,1.31,11.274,49.692,44.547,1.958,3.853,13.941,82.051,0.065,56.121,5,3,3,11,196,ID_2020,ID,2020,ID_2020,92.527,23.788,11.257,27.767,0.823,1.289,12.31,52.335,42.374,1.768,3.524,12.395,83.995,0.067,57.544,92.583,23.51,11.343,25.363,0.813,1.241,12.534,53.151,41.853,1.777,3.432,11.997,84.403,0.067,58.004
754,120512,92.761,23.936,10.703,25.927,0.846,1.283,12.933,54.409,40.174,1.793,3.642,10.379,85.912,0.066,55.519,5,3,4,12,119,ID_2020,ID,2020,ID_2020,92.527,23.788,11.257,27.767,0.823,1.289,12.31,52.335,42.374,1.768,3.524,12.395,83.995,0.067,57.544,92.583,23.51,11.343,25.363,0.813,1.241,12.534,53.151,41.853,1.777,3.432,11.997,84.403,0.067,58.004
755,120513,92.454,25.601,10.96,23.862,0.786,1.261,13.287,51.594,43.965,1.729,2.894,12.24,84.756,0.067,57.329,5,4,1,13,59,ID_2020,ID,2020,ID_2020,92.527,23.788,11.257,27.767,0.823,1.289,12.31,52.335,42.374,1.768,3.524,12.395,83.995,0.067,57.544,92.583,23.51,11.343,25.363,0.813,1.241,12.534,53.151,41.853,1.777,3.432,11.997,84.403,0.067,58.004
756,120514,92.581,24.704,11.666,25.921,0.82,1.232,12.845,50.886,44.852,1.324,3.266,13.802,82.894,0.063,56.919,5,4,2,14,9,ID_2020,ID,2020,ID_2020,92.527,23.788,11.257,27.767,0.823,1.289,12.31,52.335,42.374,1.768,3.524,12.395,83.995,0.067,57.544,92.583,23.51,11.343,25.363,0.813,1.241,12.534,53.151,41.853,1.777,3.432,11.997,84.403,0.067,58.004
757,120515,92.443,23.304,11.035,25.781,0.802,1.197,13.382,57.467,37.906,1.465,3.391,9.911,86.599,0.066,56.111,5,4,3,15,63,ID_2020,ID,2020,ID_2020,92.527,23.788,11.257,27.767,0.823,1.289,12.31,52.335,42.374,1.768,3.524,12.395,83.995,0.067,57.544,92.583,23.51,11.343,25.363,0.813,1.241,12.534,53.151,41.853,1.777,3.432,11.997,84.403,0.067,58.004
758,120516,92.769,23.602,10.983,24.423,0.797,1.368,13.013,55.97,38.474,1.797,3.557,9.88,86.684,0.073,57.571,5,4,4,16,125,ID_2020,ID,2020,ID_2020,92.527,23.788,11.257,27.767,0.823,1.289,12.31,52.335,42.374,1.768,3.524,12.395,83.995,0.067,57.544,92.583,23.51,11.343,25.363,0.813,1.241,12.534,53.151,41.853,1.777,3.432,11.997,84.403,0.067,58.004
759,120517,92.727,21.689,10.905,28.87,0.855,1.238,11.551,54.213,39.902,1.898,4.138,11.517,84.229,0.068,57.205,5,5,1,17,122,ID_2020,ID,2020,ID_2020,92.527,23.788,11.257,27.767,0.823,1.289,12.31,52.335,42.374,1.768,3.524,12.395,83.995,0.067,57.544,92.583,23.51,11.343,25.363,0.813,1.241,12.534,53.151,41.853,1.777,3.432,11.997,84.403,0.067,58.004
760,120518,92.369,23.32,11.192,25.197,0.768,1.276,12.518,55.056,39.619,1.925,3.396,10.244,86.328,0.073,58.117,5,5,2,18,138,ID_2020,ID,2020,ID_2020,92.527,23.788,11.257,27.767,0.823,1.289,12.31,52.335,42.374,1.768,3.524,12.395,83.995,0.067,57.544,92.583,23.51,11.343,25.363,0.813,1.241,12.534,53.151,41.853,1.777,3.432,11.997,84.403,0.067,58.004
761,120519,92.396,22.227,11.351,27.225,0.761,1.167,11.819,53.556,41.326,1.681,3.466,12.054,84.228,0.07,57.361,5,5,3,19,191,ID_2020,ID,2020,ID_2020,92.527,23.788,11.257,27.767,0.823,1.289,12.31,52.335,42.374,1.768,3.524,12.395,83.995,0.067,57.544,92.583,23.51,11.343,25.363,0.813,1.241,12.534,53.151,41.853,1.777,3.432,11.997,84.403,0.067,58.004
762,120520,92.935,22.341,11.051,28.75,0.785,1.192,11.314,50.852,44.154,1.678,3.481,14.082,82.439,0.065,57.605,5,5,4,20,183,ID_2020,ID,2020,ID_2020,92.527,23.788,11.257,27.767,0.823,1.289,12.31,52.335,42.374,1.768,3.524,12.395,83.995,0.067,57.544,92.583,23.51,11.343,25.363,0.813,1.241,12.534,53.151,41.853,1.777,3.432,11.997,84.403,0.067,58.004
763,120601,92.98,21.317,10.755,30.752,0.896,1.358,11.329,53.842,39.621,2.098,4.436,11.983,83.611,0.064,54.683,6,1,1,1,3,ID_2020,ID,2020,ID_2020,92.529,22.743,10.911,27.87,0.814,1.277,12.894,58.507,35.679,1.628,3.626,9.403,86.782,0.068,55.457,92.294,23.966,11.469,26.209,0.801,1.178,12.842,54.642,40.616,1.589,3.119,11.827,84.757,0.063,55.692
764,120602,92.249,22.086,10.533,28.252,0.838,1.296,12.247,56.323,38.178,2.008,3.992,10.715,85.262,0.063,55.596,6,1,2,2,26,ID_2020,ID,2020,ID_2020,92.529,22.743,10.911,27.87,0.814,1.277,12.894,58.507,35.679,1.628,3.626,9.403,86.782,0.068,55.457,92.294,23.966,11.469,26.209,0.801,1.178,12.842,54.642,40.616,1.589,3.119,11.827,84.757,0.063,55.692
765,120603,92.331,24.08,11.565,26.313,0.846,1.335,13.333,55.505,39.457,1.791,3.652,10.656,85.546,0.069,57.616,6,1,3,3,8,ID_2020,ID,2020,ID_2020,92.529,22.743,10.911,27.87,0.814,1.277,12.894,58.507,35.679,1.628,3.626,9.403,86.782,0.068,55.457,92.294,23.966,11.469,26.209,0.801,1.178,12.842,54.642,40.616,1.589,3.119,11.827,84.757,0.063,55.692
766,120604,92.705,22.542,10.626,26.625,0.828,1.319,12.857,57.096,37.617,1.936,3.757,9.194,87.008,0.068,57.186,6,1,4,4,133,ID_2020,ID,2020,ID_2020,92.529,22.743,10.911,27.87,0.814,1.277,12.894,58.507,35.679,1.628,3.626,9.403,86.782,0.068,55.457,92.294,23.966,11.469,26.209,0.801,1.178,12.842,54.642,40.616,1.589,3.119,11.827,84.757,0.063,55.692
767,120605,92.674,23.223,11.53,27.297,0.882,1.269,12.584,54.279,39.867,1.714,3.808,11.59,84.421,0.063,54.403,6,2,1,5,96,ID_2020,ID,2020,ID_2020,92.529,22.743,10.911,27.87,0.814,1.277,12.894,58.507,35.679,1.628,3.626,9.403,86.782,0.068,55.457,92.294,23.966,11.469,26.209,0.801,1.178,12.842,54.642,40.616,1.589,3.119,11.827,84.757,0.063,55.692
768,120606,92.898,22.661,11.168,28.104,0.793,1.278,12.352,55.585,39.196,1.777,3.428,11.227,85.193,0.064,56.648,6,2,2,6,64,ID_2020,ID,2020,ID_2020,92.529,22.743,10.911,27.87,0.814,1.277,12.894,58.507,35.679,1.628,3.626,9.403,86.782,0.068,55.457,92.294,23.966,11.469,26.209,0.801,1.178,12.842,54.642,40.616,1.589,3.119,11.827,84.757,0.063,55.692
769,120607,92.221,24.499,11.065,24.768,0.8,1.266,13.69,56.762,38.413,1.567,3.216,10.588,86.092,0.067,54.135,6,2,3,7,42,ID_2020,ID,2020,ID_2020,92.529,22.743,10.911,27.87,0.814,1.277,12.894,58.507,35.679,1.628,3.626,9.403,86.782,0.068,55.457,92.294,23.966,11.469,26.209,0.801,1.178,12.842,54.642,40.616,1.589,3.119,11.827,84.757,0.063,55.692
770,120608,92.248,24.586,11.045,24.976,0.855,1.342,13.562,56.202,38.098,1.87,3.432,10.46,85.87,0.061,53.039,6,2,4,8,145,ID_2020,ID,2020,ID_2020,92.529,22.743,10.911,27.87,0.814,1.277,12.894,58.507,35.679,1.628,3.626,9.403,86.782,0.068,55.457,92.294,23.966,11.469,26.209,0.801,1.178,12.842,54.642,40.616,1.589,3.119,11.827,84.757,0.063,55.692
771,120609,92.549,23.596,11.433,26.603,0.835,1.385,12.95,55.244,38.92,1.947,3.553,11.118,85.318,0.065,56.274,6,3,1,9,10,ID_2020,ID,2020,ID_2020,92.529,22.743,10.911,27.87,0.814,1.277,12.894,58.507,35.679,1.628,3.626,9.403,86.782,0.068,55.457,92.294,23.966,11.469,26.209,0.801,1.178,12.842,54.642,40.616,1.589,3.119,11.827,84.757,0.063,55.692
772,120610,92.583,21.943,11.431,28.306,0.882,1.29,12.074,54.988,38.852,1.789,4.085,11.459,84.387,0.066,54.999,6,3,2,10,74,ID_2020,ID,2020,ID_2020,92.529,22.743,10.911,27.87,0.814,1.277,12.894,58.507,35.679,1.628,3.626,9.403,86.782,0.068,55.457,92.294,23.966,11.469,26.209,0.801,1.178,12.842,54.642,40.616,1.589,3.119,11.827,84.757,0.063,55.692
773,120611,92.43,23.566,11.39,26.318,0.831,1.282,12.952,55.539,39.018,1.783,3.442,10.958,85.326,0.06,53.617,6,3,3,11,167,ID_2020,ID,2020,ID_2020,92.529,22.743,10.911,27.87,0.814,1.277,12.894,58.507,35.679,1.628,3.626,9.403,86.782,0.068,55.457,92.294,23.966,11.469,26.209,0.801,1.178,12.842,54.642,40.616,1.589,3.119,11.827,84.757,0.063,55.692
774,120612,92.502,23.696,11.372,26.398,0.827,1.235,12.752,54.873,39.929,1.643,3.424,10.999,85.371,0.067,55.935,6,3,4,12,188,ID_2020,ID,2020,ID_2020,92.529,22.743,10.911,27.87,0.814,1.277,12.894,58.507,35.679,1.628,3.626,9.403,86.782,0.068,55.457,92.294,23.966,11.469,26.209,0.801,1.178,12.842,54.642,40.616,1.589,3.119,11.827,84.757,0.063,55.692
775,120613,92.624,20.59,10.87,30.535,0.859,1.288,11.165,55.766,37.986,1.982,4.284,11.271,84.371,0.067,55.731,6,4,1,13,69,ID_2020,ID,2020,ID_2020,92.529,22.743,10.911,27.87,0.814,1.277,12.894,58.507,35.679,1.628,3.626,9.403,86.782,0.068,55.457,92.294,23.966,11.469,26.209,0.801,1.178,12.842,54.642,40.616,1.589,3.119,11.827,84.757,0.063,55.692
776,120614,92.734,23.122,10.828,28.418,0.874,1.342,12.621,55.823,38.338,1.676,4.027,11.18,84.874,0.065,54.861,6,4,2,14,4,ID_2020,ID,2020,ID_2020,92.529,22.743,10.911,27.87,0.814,1.277,12.894,58.507,35.679,1.628,3.626,9.403,86.782,0.068,55.457,92.294,23.966,11.469,26.209,0.801,1.178,12.842,54.642,40.616,1.589,3.119,11.827,84.757,0.063,55.692
777,120615,92.529,22.743,10.911,27.87,0.814,1.277,12.894,58.507,35.679,1.628,3.626,9.403,86.782,0.068,55.457,6,4,3,15,201,ID_2020,ID,2020,ID_2020,92.529,22.743,10.911,27.87,0.814,1.277,12.894,58.507,35.679,1.628,3.626,9.403,86.782,0.068,55.457,92.294,23.966,11.469,26.209,0.801,1.178,12.842,54.642,40.616,1.589,3.119,11.827,84.757,0.063,55.692
778,120616,92.294,23.966,11.469,26.209,0.801,1.178,12.842,54.642,40.616,1.589,3.119,11.827,84.757,0.063,55.692,6,4,4,16,202,ID_2020,ID,2020,ID_2020,92.529,22.743,10.911,27.87,0.814,1.277,12.894,58.507,35.679,1.628,3.626,9.403,86.782,0.068,55.457,92.294,23.966,11.469,26.209,0.801,1.178,12.842,54.642,40.616,1.589,3.119,11.827,84.757,0.063,55.692
779,120617,92.898,23.481,11.618,26.996,0.804,1.156,12.551,53.89,41.238,1.474,3.348,11.757,84.854,0.067,56.183,6,5,1,17,153,ID_2020,ID,2020,ID_2020,92.529,22.743,10.911,27.87,0.814,1.277,12.894,58.507,35.679,1.628,3.626,9.403,86.782,0.068,55.457,92.294,23.966,11.469,26.209,0.801,1.178,12.842,54.642,40.616,1.589,3.119,11.827,84.757,0.063,55.692
780,120618,92.484,23.43,11.106,27.585,0.818,1.253,12.516,54.324,40.439,1.526,3.562,12.1,84.18,0.067,55.963,6,5,2,18,112,ID_2020,ID,2020,ID_2020,92.529,22.743,10.911,27.87,0.814,1.277,12.894,58.507,35.679,1.628,3.626,9.403,86.782,0.068,55.457,92.294,23.966,11.469,26.209,0.801,1.178,12.842,54.642,40.616,1.589,3.119,11.827,84.757,0.063,55.692
781,120619,92.041,23.83,11.388,26.796,0.808,1.254,12.759,54.154,40.724,1.626,3.347,12.5,83.973,0.063,55.576,6,5,3,19,30,ID_2020,ID,2020,ID_2020,92.529,22.743,10.911,27.87,0.814,1.277,12.894,58.507,35.679,1.628,3.626,9.403,86.782,0.068,55.457,92.294,23.966,11.469,26.209,0.801,1.178,12.842,54.642,40.616,1.589,3.119,11.827,84.757,0.063,55.692
782,120620,92.509,22.696,11.57,26.19,0.778,1.259,12.097,54.073,40.48,1.783,3.451,11.973,84.418,0.072,58.174,6,5,4,20,83,ID_2020,ID,2020,ID_2020,92.529,22.743,10.911,27.87,0.814,1.277,12.894,58.507,35.679,1.628,3.626,9.403,86.782,0.068,55.457,92.294,23.966,11.469,26.209,0.801,1.178,12.842,54.642,40.616,1.589,3.119,11.827,84.757,0.063,55.692
783,120701,92.405,23.523,11.142,27.356,0.851,1.302,11.805,49.37,45.577,1.79,3.627,14.718,81.465,0.062,56.193,7,1,1,1,184,ID_2020,ID,2020,ID_2020,92.707,19.418,11.244,37.325,1.028,1.545,7.344,39.143,52.683,2.676,5.286,20.822,73.795,0.052,56.723,92.576,22.826,11.24,29.147,0.775,1.121,10.724,48.242,46.81,1.471,3.463,15.478,80.904,0.065,57.435
784,120702,92.481,23.515,11.279,26.062,0.791,1.45,11.81,50.586,43.684,2.182,3.415,13.864,82.635,0.066,57.996,7,1,2,2,170,ID_2020,ID,2020,ID_2020,92.707,19.418,11.244,37.325,1.028,1.545,7.344,39.143,52.683,2.676,5.286,20.822,73.795,0.052,56.723,92.576,22.826,11.24,29.147,0.775,1.121,10.724,48.242,46.81,1.471,3.463,15.478,80.904,0.065,57.435
785,120703,92.377,23.584,11.073,26.374,0.777,1.231,11.395,47.927,47.241,1.747,3.226,15.339,81.285,0.065,57.947,7,1,3,3,47,ID_2020,ID,2020,ID_2020,92.707,19.418,11.244,37.325,1.028,1.545,7.344,39.143,52.683,2.676,5.286,20.822,73.795,0.052,56.723,92.576,22.826,11.24,29.147,0.775,1.121,10.724,48.242,46.81,1.471,3.463,15.478,80.904,0.065,57.435
786,120704,92.271,25.306,11.706,24.556,0.779,1.233,12.947,50.889,44.788,1.406,2.909,13.871,82.957,0.063,56.246,7,1,4,4,57,ID_2020,ID,2020,ID_2020,92.707,19.418,11.244,37.325,1.028,1.545,7.344,39.143,52.683,2.676,5.286,20.822,73.795,0.052,56.723,92.576,22.826,11.24,29.147,0.775,1.121,10.724,48.242,46.81,1.471,3.463,15.478,80.904,0.065,57.435
787,120705,92.178,23.486,11.324,26.744,0.788,1.189,12.278,52.472,42.943,1.593,3.296,12.729,83.758,0.065,56.317,7,2,1,5,88,ID_2020,ID,2020,ID_2020,92.707,19.418,11.244,37.325,1.028,1.545,7.344,39.143,52.683,2.676,5.286,20.822,73.795,0.052,56.723,92.576,22.826,11.24,29.147,0.775,1.121,10.724,48.242,46.81,1.471,3.463,15.478,80.904,0.065,57.435
788,120706,92.281,22.828,11.297,27.391,0.866,1.352,11.27,48.402,45.58,1.932,3.769,15.388,80.792,0.061,56.397,7,2,2,6,113,ID_2020,ID,2020,ID_2020,92.707,19.418,11.244,37.325,1.028,1.545,7.344,39.143,52.683,2.676,5.286,20.822,73.795,0.052,56.723,92.576,22.826,11.24,29.147,0.775,1.121,10.724,48.242,46.81,1.471,3.463,15.478,80.904,0.065,57.435
789,120707,92.733,24.128,10.793,25.908,0.808,1.201,12.445,51.268,43.764,1.557,3.121,13.641,83.151,0.063,55.902,7,2,3,7,93,ID_2020,ID,2020,ID_2020,92.707,19.418,11.244,37.325,1.028,1.545,7.344,39.143,52.683,2.676,5.286,20.822,73.795,0.052,56.723,92.576,22.826,11.24,29.147,0.775,1.121,10.724,48.242,46.81,1.471,3.463,15.478,80.904,0.065,57.435
790,120708,91.801,23.469,11.106,26.819,0.765,1.256,12.029,52.099,42.98,1.659,3.234,13.856,82.677,0.067,57.622,7,2,4,8,7,ID_2020,ID,2020,ID_2020,92.707,19.418,11.244,37.325,1.028,1.545,7.344,39.143,52.683,2.676,5.286,20.822,73.795,0.052,56.723,92.576,22.826,11.24,29.147,0.775,1.121,10.724,48.242,46.81,1.471,3.463,15.478,80.904,0.065,57.435
791,120709,92.449,23.903,11.56,25.435,0.772,1.215,11.683,48.16,47.121,1.634,3.082,15.664,81.217,0.065,57.131,7,3,1,9,36,ID_2020,ID,2020,ID_2020,92.707,19.418,11.244,37.325,1.028,1.545,7.344,39.143,52.683,2.676,5.286,20.822,73.795,0.052,56.723,92.576,22.826,11.24,29.147,0.775,1.121,10.724,48.242,46.81,1.471,3.463,15.478,80.904,0.065,57.435
792,120710,92.57,22.458,11.398,29.424,0.914,1.371,11.638,50.321,43.691,1.861,3.941,15.303,80.772,0.056,53.976,7,3,2,10,165,ID_2020,ID,2020,ID_2020,92.707,19.418,11.244,37.325,1.028,1.545,7.344,39.143,52.683,2.676,5.286,20.822,73.795,0.052,56.723,92.576,22.826,11.24,29.147,0.775,1.121,10.724,48.242,46.81,1.471,3.463,15.478,80.904,0.065,57.435
793,120711,92.486,23.679,11.44,27.947,0.855,1.25,12.001,50.022,44.521,1.4,3.702,14.794,81.481,0.061,54.433,7,3,3,11,140,ID_2020,ID,2020,ID_2020,92.707,19.418,11.244,37.325,1.028,1.545,7.344,39.143,52.683,2.676,5.286,20.822,73.795,0.052,56.723,92.576,22.826,11.24,29.147,0.775,1.121,10.724,48.242,46.81,1.471,3.463,15.478,80.904,0.065,57.435
794,120712,92.177,23.218,10.869,27.604,0.811,1.243,11.386,50.144,44.497,1.783,3.566,14.386,81.947,0.061,56.169,7,3,4,12,107,ID_2020,ID,2020,ID_2020,92.707,19.418,11.244,37.325,1.028,1.545,7.344,39.143,52.683,2.676,5.286,20.822,73.795,0.052,56.723,92.576,22.826,11.24,29.147,0.775,1.121,10.724,48.242,46.81,1.471,3.463,15.478,80.904,0.065,57.435
795,120713,92.322,23.897,11.374,25.611,0.791,1.235,12.032,49.766,45.839,1.755,3.187,14.275,82.325,0.063,57.856,7,4,1,13,182,ID_2020,ID,2020,ID_2020,92.707,19.418,11.244,37.325,1.028,1.545,7.344,39.143,52.683,2.676,5.286,20.822,73.795,0.052,56.723,92.576,22.826,11.24,29.147,0.775,1.121,10.724,48.242,46.81,1.471,3.463,15.478,80.904,0.065,57.435
796,120714,92.576,22.826,11.24,29.147,0.775,1.121,10.724,48.242,46.81,1.471,3.463,15.478,80.904,0.065,57.435,7,4,2,14,202,ID_2020,ID,2020,ID_2020,92.707,19.418,11.244,37.325,1.028,1.545,7.344,39.143,52.683,2.676,5.286,20.822,73.795,0.052,56.723,92.576,22.826,11.24,29.147,0.775,1.121,10.724,48.242,46.81,1.471,3.463,15.478,80.904,0.065,57.435
797,120715,92.741,21.904,10.708,30.489,0.904,1.221,10.688,48.408,46.087,1.634,4.127,15.834,80.095,0.058,55.21,7,4,3,15,71,ID_2020,ID,2020,ID_2020,92.707,19.418,11.244,37.325,1.028,1.545,7.344,39.143,52.683,2.676,5.286,20.822,73.795,0.052,56.723,92.576,22.826,11.24,29.147,0.775,1.121,10.724,48.242,46.81,1.471,3.463,15.478,80.904,0.065,57.435
798,120716,92.433,24.189,11.308,27.642,0.829,1.254,10.605,42.853,52.038,1.622,3.425,18.907,77.529,0.055,55.543,7,4,4,16,198,ID_2020,ID,2020,ID_2020,92.707,19.418,11.244,37.325,1.028,1.545,7.344,39.143,52.683,2.676,5.286,20.822,73.795,0.052,56.723,92.576,22.826,11.24,29.147,0.775,1.121,10.724,48.242,46.81,1.471,3.463,15.478,80.904,0.065,57.435
799,120717,92.803,22.915,11.592,27.319,0.758,1.168,11.636,51.027,44.287,1.401,3.118,14.343,82.316,0.069,58.12,7,5,1,17,192,ID_2020,ID,2020,ID_2020,92.707,19.418,11.244,37.325,1.028,1.545,7.344,39.143,52.683,2.676,5.286,20.822,73.795,0.052,56.723,92.576,22.826,11.24,29.147,0.775,1.121,10.724,48.242,46.81,1.471,3.463,15.478,80.904,0.065,57.435
800,120718,92.604,22.326,11.101,28.399,0.772,1.184,10.973,50.143,44.43,1.721,3.572,14.368,82.027,0.065,58.022,7,5,2,18,65,ID_2020,ID,2020,ID_2020,92.707,19.418,11.244,37.325,1.028,1.545,7.344,39.143,52.683,2.676,5.286,20.822,73.795,0.052,56.723,92.576,22.826,11.24,29.147,0.775,1.121,10.724,48.242,46.81,1.471,3.463,15.478,80.904,0.065,57.435
801,120719,92.655,22.852,11.371,28.453,0.792,1.227,10.472,45.619,49.127,1.773,3.495,17.307,79.214,0.063,57.515,7,5,3,19,190,ID_2020,ID,2020,ID_2020,92.707,19.418,11.244,37.325,1.028,1.545,7.344,39.143,52.683,2.676,5.286,20.822,73.795,0.052,56.723,92.576,22.826,11.24,29.147,0.775,1.121,10.724,48.242,46.81,1.471,3.463,15.478,80.904,0.065,57.435
802,120720,92.707,19.418,11.244,37.325,1.028,1.545,7.344,39.143,52.683,2.676,5.286,20.822,73.795,0.052,56.723,7,5,4,20,201,ID_2020,ID,2020,ID_2020,92.707,19.418,11.244,37.325,1.028,1.545,7.344,39.143,52.683,2.676,5.286,20.822,73.795,0.052,56.723,92.576,22.826,11.24,29.147,0.775,1.121,10.724,48.242,46.81,1.471,3.463,15.478,80.904,0.065,57.435
803,120802,92.367,23.598,11.053,27.071,0.803,1.137,10.996,46.24,48.934,1.453,3.485,16.241,80.253,0.063,56.93,8,1,2,2,117,ID_2020,ID,2020,ID_2020,92.35,22.455,10.811,27.494,0.789,1.239,11.352,50.898,43.714,1.695,3.575,14.419,81.9,0.064,56.622,92.515,23.888,11.017,26.655,0.809,1.236,11.7,48.503,46.936,1.572,3.155,15.571,81.106,0.058,56.328
804,120803,92.459,23.187,11.159,28.613,0.823,1.184,11.056,47.72,47.162,1.534,3.503,16.617,79.799,0.058,55.319,8,1,3,3,21,ID_2020,ID,2020,ID_2020,92.35,22.455,10.811,27.494,0.789,1.239,11.352,50.898,43.714,1.695,3.575,14.419,81.9,0.064,56.622,92.515,23.888,11.017,26.655,0.809,1.236,11.7,48.503,46.936,1.572,3.155,15.571,81.106,0.058,56.328
805,120804,92.6,21.949,11.052,27.591,0.782,1.228,11.145,51.098,43.58,1.801,3.598,13.663,82.631,0.068,57.921,8,1,4,4,185,ID_2020,ID,2020,ID_2020,92.35,22.455,10.811,27.494,0.789,1.239,11.352,50.898,43.714,1.695,3.575,14.419,81.9,0.064,56.622,92.515,23.888,11.017,26.655,0.809,1.236,11.7,48.503,46.936,1.572,3.155,15.571,81.106,0.058,56.328
806,120805,92.712,22.269,11.118,29.69,0.828,1.205,10.752,48.435,46.361,1.567,3.861,15.567,80.702,0.064,55.544,8,2,1,5,20,ID_2020,ID,2020,ID_2020,92.35,22.455,10.811,27.494,0.789,1.239,11.352,50.898,43.714,1.695,3.575,14.419,81.9,0.064,56.622,92.515,23.888,11.017,26.655,0.809,1.236,11.7,48.503,46.936,1.572,3.155,15.571,81.106,0.058,56.328
807,120806,92.632,23.16,11.298,28.09,0.833,1.237,11.817,50.832,44.089,1.711,3.609,14.055,82.204,0.064,56.999,8,2,2,6,114,ID_2020,ID,2020,ID_2020,92.35,22.455,10.811,27.494,0.789,1.239,11.352,50.898,43.714,1.695,3.575,14.419,81.9,0.064,56.622,92.515,23.888,11.017,26.655,0.809,1.236,11.7,48.503,46.936,1.572,3.155,15.571,81.106,0.058,56.328
808,120807,92.521,24.112,11.462,25.322,0.775,1.268,12.122,49.945,45.387,1.607,3.064,14.74,82.01,0.063,56.799,8,2,3,7,176,ID_2020,ID,2020,ID_2020,92.35,22.455,10.811,27.494,0.789,1.239,11.352,50.898,43.714,1.695,3.575,14.419,81.9,0.064,56.622,92.515,23.888,11.017,26.655,0.809,1.236,11.7,48.503,46.936,1.572,3.155,15.571,81.106,0.058,56.328
809,120808,92.697,24.047,11.518,27.716,0.868,1.214,12.499,50.744,44.322,1.367,3.583,13.879,82.575,0.064,55.825,8,2,4,8,46,ID_2020,ID,2020,ID_2020,92.35,22.455,10.811,27.494,0.789,1.239,11.352,50.898,43.714,1.695,3.575,14.419,81.9,0.064,56.622,92.515,23.888,11.017,26.655,0.809,1.236,11.7,48.503,46.936,1.572,3.155,15.571,81.106,0.058,56.328
810,120809,92.27,23.358,11.537,27.134,0.789,1.176,11.845,50.718,44.499,1.616,3.346,14.072,82.456,0.061,56.546,8,3,1,9,81,ID_2020,ID,2020,ID_2020,92.35,22.455,10.811,27.494,0.789,1.239,11.352,50.898,43.714,1.695,3.575,14.419,81.9,0.064,56.622,92.515,23.888,11.017,26.655,0.809,1.236,11.7,48.503,46.936,1.572,3.155,15.571,81.106,0.058,56.328
811,120810,92.579,22.288,10.878,26.564,0.797,1.28,11.359,51.591,43.074,1.943,3.616,12.937,83.27,0.069,58.741,8,3,2,10,171,ID_2020,ID,2020,ID_2020,92.35,22.455,10.811,27.494,0.789,1.239,11.352,50.898,43.714,1.695,3.575,14.419,81.9,0.064,56.622,92.515,23.888,11.017,26.655,0.809,1.236,11.7,48.503,46.936,1.572,3.155,15.571,81.106,0.058,56.328
812,120811,92.35,22.455,10.811,27.494,0.789,1.239,11.352,50.898,43.714,1.695,3.575,14.419,81.9,0.064,56.622,8,3,3,11,201,ID_2020,ID,2020,ID_2020,92.35,22.455,10.811,27.494,0.789,1.239,11.352,50.898,43.714,1.695,3.575,14.419,81.9,0.064,56.622,92.515,23.888,11.017,26.655,0.809,1.236,11.7,48.503,46.936,1.572,3.155,15.571,81.106,0.058,56.328
813,120812,92.564,23.6,11.375,26.915,0.796,1.193,11.687,49.485,45.46,1.603,3.253,15.182,81.362,0.062,56.449,8,3,4,12,194,ID_2020,ID,2020,ID_2020,92.35,22.455,10.811,27.494,0.789,1.239,11.352,50.898,43.714,1.695,3.575,14.419,81.9,0.064,56.622,92.515,23.888,11.017,26.655,0.809,1.236,11.7,48.503,46.936,1.572,3.155,15.571,81.106,0.058,56.328
814,120813,92.378,23.402,11.482,26.433,0.82,1.235,12.247,51.854,43.704,1.654,3.346,13.971,82.507,0.062,57.067,8,4,1,13,11,ID_2020,ID,2020,ID_2020,92.35,22.455,10.811,27.494,0.789,1.239,11.352,50.898,43.714,1.695,3.575,14.419,81.9,0.064,56.622,92.515,23.888,11.017,26.655,0.809,1.236,11.7,48.503,46.936,1.572,3.155,15.571,81.106,0.058,56.328
815,120814,92.465,23.975,11.474,27.717,0.825,1.201,11.586,48.191,46.95,1.538,3.391,15.747,80.665,0.06,55.958,8,4,2,14,45,ID_2020,ID,2020,ID_2020,92.35,22.455,10.811,27.494,0.789,1.239,11.352,50.898,43.714,1.695,3.575,14.419,81.9,0.064,56.622,92.515,23.888,11.017,26.655,0.809,1.236,11.7,48.503,46.936,1.572,3.155,15.571,81.106,0.058,56.328
816,120815,92.608,23.923,11.348,26.628,0.818,1.289,11.618,47.646,47.092,1.737,3.412,15.519,80.943,0.065,56.718,8,4,3,15,163,ID_2020,ID,2020,ID_2020,92.35,22.455,10.811,27.494,0.789,1.239,11.352,50.898,43.714,1.695,3.575,14.419,81.9,0.064,56.622,92.515,23.888,11.017,26.655,0.809,1.236,11.7,48.503,46.936,1.572,3.155,15.571,81.106,0.058,56.328
817,120816,92.515,23.888,11.017,26.655,0.809,1.236,11.7,48.503,46.936,1.572,3.155,15.571,81.106,0.058,56.328,8,4,4,16,202,ID_2020,ID,2020,ID_2020,92.35,22.455,10.811,27.494,0.789,1.239,11.352,50.898,43.714,1.695,3.575,14.419,81.9,0.064,56.622,92.515,23.888,11.017,26.655,0.809,1.236,11.7,48.503,46.936,1.572,3.155,15.571,81.106,0.058,56.328
818,120817,92.65,21.548,11.193,29.721,0.831,1.252,10.217,47.59,46.877,1.866,4,15.941,80.168,0.065,56.323,8,5,1,17,141,ID_2020,ID,2020,ID_2020,92.35,22.455,10.811,27.494,0.789,1.239,11.352,50.898,43.714,1.695,3.575,14.419,81.9,0.064,56.622,92.515,23.888,11.017,26.655,0.809,1.236,11.7,48.503,46.936,1.572,3.155,15.571,81.106,0.058,56.328
819,120818,92.824,23.705,11.44,26.757,0.799,1.196,11.909,49.362,46.017,1.395,3.313,14.548,82.123,0.065,56.932,8,5,2,18,49,ID_2020,ID,2020,ID_2020,92.35,22.455,10.811,27.494,0.789,1.239,11.352,50.898,43.714,1.695,3.575,14.419,81.9,0.064,56.622,92.515,23.888,11.017,26.655,0.809,1.236,11.7,48.503,46.936,1.572,3.155,15.571,81.106,0.058,56.328
820,120819,92.71,24.201,11.115,25.82,0.8,1.246,12.077,49.765,45.326,1.631,3.201,14.057,82.697,0.067,58.176,8,5,3,19,143,ID_2020,ID,2020,ID_2020,92.35,22.455,10.811,27.494,0.789,1.239,11.352,50.898,43.714,1.695,3.575,14.419,81.9,0.064,56.622,92.515,23.888,11.017,26.655,0.809,1.236,11.7,48.503,46.936,1.572,3.155,15.571,81.106,0.058,56.328
821,120820,92.818,22.467,11.17,28.78,0.811,1.265,11.098,49.306,45.263,1.686,3.592,15.576,80.79,0.062,57,8,5,4,20,19,ID_2020,ID,2020,ID_2020,92.35,22.455,10.811,27.494,0.789,1.239,11.352,50.898,43.714,1.695,3.575,14.419,81.9,0.064,56.622,92.515,23.888,11.017,26.655,0.809,1.236,11.7,48.503,46.936,1.572,3.155,15.571,81.106,0.058,56.328
822,120901,92.339,21.068,10.919,28.848,0.791,1.15,10.724,51.559,43.115,1.894,3.908,13.072,82.973,0.069,58.56,9,1,1,1,1,ID_2020,ID,2020,ID_2020,92.678,21.947,11.138,29.124,0.859,1.259,11.538,52.337,42.164,1.7,3.992,12.806,83.182,0.067,56.751,92.662,23.432,10.816,25.691,0.835,1.296,12.151,51.537,43.066,1.771,3.489,13.238,83.082,0.062,56.048
823,120902,92.722,23.536,10.933,27.897,0.806,1.205,10.809,45.564,49.5,1.64,3.407,17.026,79.592,0.06,56.716,9,1,2,2,123,ID_2020,ID,2020,ID_2020,92.678,21.947,11.138,29.124,0.859,1.259,11.538,52.337,42.164,1.7,3.992,12.806,83.182,0.067,56.751,92.662,23.432,10.816,25.691,0.835,1.296,12.151,51.537,43.066,1.771,3.489,13.238,83.082,0.062,56.048
824,120903,92.224,23.797,10.976,25.761,0.75,1.241,12.095,51.417,43.609,1.728,3.074,13.193,83.5,0.067,58.223,9,1,3,3,35,ID_2020,ID,2020,ID_2020,92.678,21.947,11.138,29.124,0.859,1.259,11.538,52.337,42.164,1.7,3.992,12.806,83.182,0.067,56.751,92.662,23.432,10.816,25.691,0.835,1.296,12.151,51.537,43.066,1.771,3.489,13.238,83.082,0.062,56.048
825,120904,92.571,24.426,11.071,25.382,0.817,1.306,12.55,50.955,43.908,1.793,3.359,13.194,83.395,0.065,56.97,9,1,4,4,86,ID_2020,ID,2020,ID_2020,92.678,21.947,11.138,29.124,0.859,1.259,11.538,52.337,42.164,1.7,3.992,12.806,83.182,0.067,56.751,92.662,23.432,10.816,25.691,0.835,1.296,12.151,51.537,43.066,1.771,3.489,13.238,83.082,0.062,56.048
826,120905,92.955,22.068,11.031,29.018,0.858,1.207,11.196,50.726,43.891,1.718,3.978,13.288,82.761,0.066,57.242,9,2,1,5,27,ID_2020,ID,2020,ID_2020,92.678,21.947,11.138,29.124,0.859,1.259,11.538,52.337,42.164,1.7,3.992,12.806,83.182,0.067,56.751,92.662,23.432,10.816,25.691,0.835,1.296,12.151,51.537,43.066,1.771,3.489,13.238,83.082,0.062,56.048
827,120906,92.796,20.99,10.644,29.917,0.821,1.221,10.586,51.797,42.283,1.801,4.075,13.364,82.58,0.068,58.205,9,2,2,6,131,ID_2020,ID,2020,ID_2020,92.678,21.947,11.138,29.124,0.859,1.259,11.538,52.337,42.164,1.7,3.992,12.806,83.182,0.067,56.751,92.662,23.432,10.816,25.691,0.835,1.296,12.151,51.537,43.066,1.771,3.489,13.238,83.082,0.062,56.048
828,120907,92.583,21.768,11.099,28.246,0.78,1.193,10.293,47.656,46.953,1.819,3.614,15.762,80.478,0.067,58.753,9,2,3,7,181,ID_2020,ID,2020,ID_2020,92.678,21.947,11.138,29.124,0.859,1.259,11.538,52.337,42.164,1.7,3.992,12.806,83.182,0.067,56.751,92.662,23.432,10.816,25.691,0.835,1.296,12.151,51.537,43.066,1.771,3.489,13.238,83.082,0.062,56.048
829,120908,92.579,21.405,10.748,28.336,0.799,1.25,10.518,49.899,44.145,1.972,3.808,14.366,81.738,0.063,56.638,9,2,4,8,70,ID_2020,ID,2020,ID_2020,92.678,21.947,11.138,29.124,0.859,1.259,11.538,52.337,42.164,1.7,3.992,12.806,83.182,0.067,56.751,92.662,23.432,10.816,25.691,0.835,1.296,12.151,51.537,43.066,1.771,3.489,13.238,83.082,0.062,56.048
830,120909,92.772,22.784,11.72,28.354,0.77,1.168,10.711,46.717,48.633,1.495,3.474,16.037,80.457,0.064,58.355,9,3,1,9,14,ID_2020,ID,2020,ID_2020,92.678,21.947,11.138,29.124,0.859,1.259,11.538,52.337,42.164,1.7,3.992,12.806,83.182,0.067,56.751,92.662,23.432,10.816,25.691,0.835,1.296,12.151,51.537,43.066,1.771,3.489,13.238,83.082,0.062,56.048
831,120910,92.795,23.546,11.127,26.806,0.797,1.165,12.418,53.344,41.715,1.589,3.278,11.286,85.321,0.068,57.925,9,3,2,10,121,ID_2020,ID,2020,ID_2020,92.678,21.947,11.138,29.124,0.859,1.259,11.538,52.337,42.164,1.7,3.992,12.806,83.182,0.067,56.751,92.662,23.432,10.816,25.691,0.835,1.296,12.151,51.537,43.066,1.771,3.489,13.238,83.082,0.062,56.048
832,120911,92.892,22.124,10.975,28.168,0.819,1.191,11.966,54.951,39.395,1.437,3.753,11.738,84.439,0.067,58.297,9,3,3,11,106,ID_2020,ID,2020,ID_2020,92.678,21.947,11.138,29.124,0.859,1.259,11.538,52.337,42.164,1.7,3.992,12.806,83.182,0.067,56.751,92.662,23.432,10.816,25.691,0.835,1.296,12.151,51.537,43.066,1.771,3.489,13.238,83.082,0.062,56.048
833,120912,92.36,23.524,10.664,25.534,0.78,1.255,12.728,54.376,40.427,1.763,3.329,11.267,85.236,0.064,56.377,9,3,4,12,53,ID_2020,ID,2020,ID_2020,92.678,21.947,11.138,29.124,0.859,1.259,11.538,52.337,42.164,1.7,3.992,12.806,83.182,0.067,56.751,92.662,23.432,10.816,25.691,0.835,1.296,12.151,51.537,43.066,1.771,3.489,13.238,83.082,0.062,56.048
834,120913,92.678,21.947,11.138,29.124,0.859,1.259,11.538,52.337,42.164,1.7,3.992,12.806,83.182,0.067,56.751,9,4,1,13,201,ID_2020,ID,2020,ID_2020,92.678,21.947,11.138,29.124,0.859,1.259,11.538,52.337,42.164,1.7,3.992,12.806,83.182,0.067,56.751,92.662,23.432,10.816,25.691,0.835,1.296,12.151,51.537,43.066,1.771,3.489,13.238,83.082,0.062,56.048
835,120914,92.838,23.83,11.006,26.339,0.805,1.23,12.897,53.921,41.139,1.48,3.295,11.754,84.801,0.066,56.158,9,4,2,14,38,ID_2020,ID,2020,ID_2020,92.678,21.947,11.138,29.124,0.859,1.259,11.538,52.337,42.164,1.7,3.992,12.806,83.182,0.067,56.751,92.662,23.432,10.816,25.691,0.835,1.296,12.151,51.537,43.066,1.771,3.489,13.238,83.082,0.062,56.048
836,120915,92.579,21.986,10.862,27.42,0.816,1.245,11.979,54.415,39.873,1.734,3.726,11.594,84.56,0.065,55.584,9,4,3,15,115,ID_2020,ID,2020,ID_2020,92.678,21.947,11.138,29.124,0.859,1.259,11.538,52.337,42.164,1.7,3.992,12.806,83.182,0.067,56.751,92.662,23.432,10.816,25.691,0.835,1.296,12.151,51.537,43.066,1.771,3.489,13.238,83.082,0.062,56.048
837,120916,92.605,21.864,10.47,28.626,0.802,1.255,11.202,52.658,41.495,1.817,3.932,12.077,83.928,0.07,58.082,9,4,4,16,5,ID_2020,ID,2020,ID_2020,92.678,21.947,11.138,29.124,0.859,1.259,11.538,52.337,42.164,1.7,3.992,12.806,83.182,0.067,56.751,92.662,23.432,10.816,25.691,0.835,1.296,12.151,51.537,43.066,1.771,3.489,13.238,83.082,0.062,56.048
838,120917,92.885,22.617,11.093,28.108,0.817,1.248,11.455,51.053,43.396,1.737,3.553,14.133,82.189,0.063,56.067,9,5,1,17,160,ID_2020,ID,2020,ID_2020,92.678,21.947,11.138,29.124,0.859,1.259,11.538,52.337,42.164,1.7,3.992,12.806,83.182,0.067,56.751,92.662,23.432,10.816,25.691,0.835,1.296,12.151,51.537,43.066,1.771,3.489,13.238,83.082,0.062,56.048
839,120918,92.65,24.646,11.619,25.947,0.733,1.14,12.139,48.65,47.653,1.417,2.727,15.49,81.578,0.06,56.813,9,5,2,18,175,ID_2020,ID,2020,ID_2020,92.678,21.947,11.138,29.124,0.859,1.259,11.538,52.337,42.164,1.7,3.992,12.806,83.182,0.067,56.751,92.662,23.432,10.816,25.691,0.835,1.296,12.151,51.537,43.066,1.771,3.489,13.238,83.082,0.062,56.048
840,120919,92.662,23.432,10.816,25.691,0.835,1.296,12.151,51.537,43.066,1.771,3.489,13.238,83.082,0.062,56.048,9,5,3,19,202,ID_2020,ID,2020,ID_2020,92.678,21.947,11.138,29.124,0.859,1.259,11.538,52.337,42.164,1.7,3.992,12.806,83.182,0.067,56.751,92.662,23.432,10.816,25.691,0.835,1.296,12.151,51.537,43.066,1.771,3.489,13.238,83.082,0.062,56.048
841,120920,92.595,23.228,10.727,26.545,0.803,1.171,11.983,52.321,42.688,1.535,3.474,12.25,84.165,0.066,57.218,9,5,4,20,118,ID_2020,ID,2020,ID_2020,92.678,21.947,11.138,29.124,0.859,1.259,11.538,52.337,42.164,1.7,3.992,12.806,83.182,0.067,56.751,92.662,23.432,10.816,25.691,0.835,1.296,12.151,51.537,43.066,1.771,3.489,13.238,83.082,0.062,56.048
842,121002,92.538,24.505,11.095,26.052,0.793,1.199,10.836,43.129,52.409,1.525,3.107,18.408,78.412,0.057,56.488,10,1,2,2,58,ID_2020,ID,2020,ID_2020,92.327,23.87,10.829,27.755,0.793,1.21,9.262,37.425,57.725,1.851,3.382,21.21,75.428,0.056,56.566,92.474,23.775,11.324,26.676,0.842,1.212,9.595,38.975,55.916,1.867,3.493,20.153,76.321,0.056,55.714
843,121003,92.071,24.077,11.041,28.069,0.818,1.269,9.818,39.16,56.297,1.872,3.487,21.329,75.07,0.054,57.162,10,1,3,3,62,ID_2020,ID,2020,ID_2020,92.327,23.87,10.829,27.755,0.793,1.21,9.262,37.425,57.725,1.851,3.382,21.21,75.428,0.056,56.566,92.474,23.775,11.324,26.676,0.842,1.212,9.595,38.975,55.916,1.867,3.493,20.153,76.321,0.056,55.714
844,121004,92.327,23.87,10.829,27.755,0.793,1.21,9.262,37.425,57.725,1.851,3.382,21.21,75.428,0.056,56.566,10,1,4,4,201,ID_2020,ID,2020,ID_2020,92.327,23.87,10.829,27.755,0.793,1.21,9.262,37.425,57.725,1.851,3.382,21.21,75.428,0.056,56.566,92.474,23.775,11.324,26.676,0.842,1.212,9.595,38.975,55.916,1.867,3.493,20.153,76.321,0.056,55.714
845,121005,92.083,24.616,10.855,27.402,0.78,1.201,9.728,37.756,57.903,1.867,3.192,20.982,75.848,0.053,55.712,10,2,1,5,95,ID_2020,ID,2020,ID_2020,92.327,23.87,10.829,27.755,0.793,1.21,9.262,37.425,57.725,1.851,3.382,21.21,75.428,0.056,56.566,92.474,23.775,11.324,26.676,0.842,1.212,9.595,38.975,55.916,1.867,3.493,20.153,76.321,0.056,55.714
846,121006,92.056,23.132,10.436,27.957,0.809,1.212,9.736,41.931,52.653,1.862,3.66,18.814,77.545,0.057,57.15,10,2,2,6,82,ID_2020,ID,2020,ID_2020,92.327,23.87,10.829,27.755,0.793,1.21,9.262,37.425,57.725,1.851,3.382,21.21,75.428,0.056,56.566,92.474,23.775,11.324,26.676,0.842,1.212,9.595,38.975,55.916,1.867,3.493,20.153,76.321,0.056,55.714
847,121007,92.149,26.314,11.05,25.441,0.759,1.16,9.712,33.355,63.013,1.688,2.928,22.462,74.717,0.058,58.976,10,2,3,7,12,ID_2020,ID,2020,ID_2020,92.327,23.87,10.829,27.755,0.793,1.21,9.262,37.425,57.725,1.851,3.382,21.21,75.428,0.056,56.566,92.474,23.775,11.324,26.676,0.842,1.212,9.595,38.975,55.916,1.867,3.493,20.153,76.321,0.056,55.714
848,121008,91.673,25.787,11.178,27.461,0.812,1.346,8.252,27.913,66.905,2.269,3.478,25.64,71.161,0.045,52.048,10,2,4,8,128,ID_2020,ID,2020,ID_2020,92.327,23.87,10.829,27.755,0.793,1.21,9.262,37.425,57.725,1.851,3.382,21.21,75.428,0.056,56.566,92.474,23.775,11.324,26.676,0.842,1.212,9.595,38.975,55.916,1.867,3.493,20.153,76.321,0.056,55.714
849,121009,91.697,25.943,11.421,28.196,0.81,1.277,7.776,24.921,70.581,2.346,3.449,27.05,69.753,0.043,51.523,10,3,1,9,136,ID_2020,ID,2020,ID_2020,92.327,23.87,10.829,27.755,0.793,1.21,9.262,37.425,57.725,1.851,3.382,21.21,75.428,0.056,56.566,92.474,23.775,11.324,26.676,0.842,1.212,9.595,38.975,55.916,1.867,3.493,20.153,76.321,0.056,55.714
850,121010,92.339,23.41,11.051,27.926,0.817,1.206,9.892,42.043,52.828,1.748,3.739,18.198,78.113,0.063,57.839,10,3,2,10,101,ID_2020,ID,2020,ID_2020,92.327,23.87,10.829,27.755,0.793,1.21,9.262,37.425,57.725,1.851,3.382,21.21,75.428,0.056,56.566,92.474,23.775,11.324,26.676,0.842,1.212,9.595,38.975,55.916,1.867,3.493,20.153,76.321,0.056,55.714
851,121011,92.362,23.08,10.684,24.852,0.757,1.223,11.717,50.573,44.302,1.712,3.253,13.566,83.1,0.068,59.464,10,3,3,11,98,ID_2020,ID,2020,ID_2020,92.327,23.87,10.829,27.755,0.793,1.21,9.262,37.425,57.725,1.851,3.382,21.21,75.428,0.056,56.566,92.474,23.775,11.324,26.676,0.842,1.212,9.595,38.975,55.916,1.867,3.493,20.153,76.321,0.056,55.714
852,121012,91.907,26.846,11.835,24.575,0.815,1.291,12.591,44.252,51.192,1.469,2.95,17.808,79.308,0.056,54.439,10,3,4,12,142,ID_2020,ID,2020,ID_2020,92.327,23.87,10.829,27.755,0.793,1.21,9.262,37.425,57.725,1.851,3.382,21.21,75.428,0.056,56.566,92.474,23.775,11.324,26.676,0.842,1.212,9.595,38.975,55.916,1.867,3.493,20.153,76.321,0.056,55.714
853,121013,92.474,23.775,11.324,26.676,0.842,1.212,9.595,38.975,55.916,1.867,3.493,20.153,76.321,0.056,55.714,10,4,1,13,202,ID_2020,ID,2020,ID_2020,92.327,23.87,10.829,27.755,0.793,1.21,9.262,37.425,57.725,1.851,3.382,21.21,75.428,0.056,56.566,92.474,23.775,11.324,26.676,0.842,1.212,9.595,38.975,55.916,1.867,3.493,20.153,76.321,0.056,55.714
854,121014,92.401,22.794,10.712,27.892,0.785,1.109,9.754,42.445,52.795,1.578,3.404,18.265,78.302,0.062,57.361,10,4,2,14,139,ID_2020,ID,2020,ID_2020,92.327,23.87,10.829,27.755,0.793,1.21,9.262,37.425,57.725,1.851,3.382,21.21,75.428,0.056,56.566,92.474,23.775,11.324,26.676,0.842,1.212,9.595,38.975,55.916,1.867,3.493,20.153,76.321,0.056,55.714
855,121015,92.315,23.907,10.719,27.099,0.794,1.256,10.006,40.844,54.153,1.796,3.396,19.372,77.248,0.06,58.359,10,4,3,15,52,ID_2020,ID,2020,ID_2020,92.327,23.87,10.829,27.755,0.793,1.21,9.262,37.425,57.725,1.851,3.382,21.21,75.428,0.056,56.566,92.474,23.775,11.324,26.676,0.842,1.212,9.595,38.975,55.916,1.867,3.493,20.153,76.321,0.056,55.714
856,121016,92.025,25.81,11.369,26.503,0.785,1.329,10.005,35.717,59.783,1.887,3.145,22.37,74.582,0.055,57.138,10,4,4,16,37,ID_2020,ID,2020,ID_2020,92.327,23.87,10.829,27.755,0.793,1.21,9.262,37.425,57.725,1.851,3.382,21.21,75.428,0.056,56.566,92.474,23.775,11.324,26.676,0.842,1.212,9.595,38.975,55.916,1.867,3.493,20.153,76.321,0.056,55.714
857,121017,92.606,24.078,11.302,25.655,0.744,1.18,11.125,45.13,50.771,1.577,2.971,16.88,80.105,0.065,59.304,10,5,1,17,77,ID_2020,ID,2020,ID_2020,92.327,23.87,10.829,27.755,0.793,1.21,9.262,37.425,57.725,1.851,3.382,21.21,75.428,0.056,56.566,92.474,23.775,11.324,26.676,0.842,1.212,9.595,38.975,55.916,1.867,3.493,20.153,76.321,0.056,55.714
858,121018,92.226,22.721,11.014,27.554,0.761,1.167,10.491,46.178,48.873,1.712,3.405,16.424,80.161,0.065,58.007,10,5,2,18,116,ID_2020,ID,2020,ID_2020,92.327,23.87,10.829,27.755,0.793,1.21,9.262,37.425,57.725,1.851,3.382,21.21,75.428,0.056,56.566,92.474,23.775,11.324,26.676,0.842,1.212,9.595,38.975,55.916,1.867,3.493,20.153,76.321,0.056,55.714
859,121019,92.39,23.033,10.994,27.043,0.792,1.213,10.354,44.431,50.6,1.793,3.566,17.124,79.406,0.065,58.581,10,5,3,19,13,ID_2020,ID,2020,ID_2020,92.327,23.87,10.829,27.755,0.793,1.21,9.262,37.425,57.725,1.851,3.382,21.21,75.428,0.056,56.566,92.474,23.775,11.324,26.676,0.842,1.212,9.595,38.975,55.916,1.867,3.493,20.153,76.321,0.056,55.714
860,121020,92.331,23.916,11.131,26.21,0.779,1.188,9.328,37.573,57.667,1.906,3.375,20.439,76.256,0.06,56.877,10,5,4,20,124,ID_2020,ID,2020,ID_2020,92.327,23.87,10.829,27.755,0.793,1.21,9.262,37.425,57.725,1.851,3.382,21.21,75.428,0.056,56.566,92.474,23.775,11.324,26.676,0.842,1.212,9.595,38.975,55.916,1.867,3.493,20.153,76.321,0.056,55.714
861,121101,92.541,21.733,10.985,29.295,0.803,1.261,8.842,41.436,53.162,1.964,3.858,18.955,77.162,0.063,58.113,11,1,1,1,189,ID_2020,ID,2020,ID_2020,92.828,22.439,10.827,28.654,0.868,1.361,9.661,41.796,52.075,1.869,3.914,19.662,76.596,0.055,55.929,92.57,22.174,10.412,29.21,0.82,1.307,8.685,38.35,56.1,2.026,3.697,21.57,74.806,0.055,58.425
862,121102,92.713,21.723,10.607,29.323,0.842,1.334,9.539,44.275,49.421,2.086,3.953,17.694,78.488,0.059,58.425,11,1,2,2,17,ID_2020,ID,2020,ID_2020,92.828,22.439,10.827,28.654,0.868,1.361,9.661,41.796,52.075,1.869,3.914,19.662,76.596,0.055,55.929,92.57,22.174,10.412,29.21,0.82,1.307,8.685,38.35,56.1,2.026,3.697,21.57,74.806,0.055,58.425
863,121103,92.61,21.694,10.202,28.999,0.801,1.193,10.037,46.544,48.256,1.861,3.63,16.879,79.555,0.058,56.321,11,1,3,3,197,ID_2020,ID,2020,ID_2020,92.828,22.439,10.827,28.654,0.868,1.361,9.661,41.796,52.075,1.869,3.914,19.662,76.596,0.055,55.929,92.57,22.174,10.412,29.21,0.82,1.307,8.685,38.35,56.1,2.026,3.697,21.57,74.806,0.055,58.425
864,121104,92.828,22.439,10.827,28.654,0.868,1.361,9.661,41.796,52.075,1.869,3.914,19.662,76.596,0.055,55.929,11,1,4,4,201,ID_2020,ID,2020,ID_2020,92.828,22.439,10.827,28.654,0.868,1.361,9.661,41.796,52.075,1.869,3.914,19.662,76.596,0.055,55.929,92.57,22.174,10.412,29.21,0.82,1.307,8.685,38.35,56.1,2.026,3.697,21.57,74.806,0.055,58.425
865,121105,92.54,22.667,10.866,28.814,0.82,1.344,9.145,40.253,54.132,2.027,3.739,20.048,76.184,0.058,56.678,11,2,1,5,156,ID_2020,ID,2020,ID_2020,92.828,22.439,10.827,28.654,0.868,1.361,9.661,41.796,52.075,1.869,3.914,19.662,76.596,0.055,55.929,92.57,22.174,10.412,29.21,0.82,1.307,8.685,38.35,56.1,2.026,3.697,21.57,74.806,0.055,58.425
866,121106,92.53,23.183,10.351,26.078,0.794,1.234,10.705,46.531,48.448,1.913,3.507,15.34,81.103,0.067,59.827,11,2,2,6,25,ID_2020,ID,2020,ID_2020,92.828,22.439,10.827,28.654,0.868,1.361,9.661,41.796,52.075,1.869,3.914,19.662,76.596,0.055,55.929,92.57,22.174,10.412,29.21,0.82,1.307,8.685,38.35,56.1,2.026,3.697,21.57,74.806,0.055,58.425
867,121107,92.395,23.444,10.792,27.432,0.793,1.208,10.24,44.006,51.183,1.615,3.252,18.219,78.266,0.061,58.454,11,2,3,7,173,ID_2020,ID,2020,ID_2020,92.828,22.439,10.827,28.654,0.868,1.361,9.661,41.796,52.075,1.869,3.914,19.662,76.596,0.055,55.929,92.57,22.174,10.412,29.21,0.82,1.307,8.685,38.35,56.1,2.026,3.697,21.57,74.806,0.055,58.425
868,121108,92.72,19.763,9.976,33.188,0.905,1.369,8.955,46.93,45.915,2.191,4.755,17.019,78.373,0.058,57.803,11,2,4,8,84,ID_2020,ID,2020,ID_2020,92.828,22.439,10.827,28.654,0.868,1.361,9.661,41.796,52.075,1.869,3.914,19.662,76.596,0.055,55.929,92.57,22.174,10.412,29.21,0.82,1.307,8.685,38.35,56.1,2.026,3.697,21.57,74.806,0.055,58.425
869,121109,92.57,22.174,10.412,29.21,0.82,1.307,8.685,38.35,56.1,2.026,3.697,21.57,74.806,0.055,58.425,11,3,1,9,202,ID_2020,ID,2020,ID_2020,92.828,22.439,10.827,28.654,0.868,1.361,9.661,41.796,52.075,1.869,3.914,19.662,76.596,0.055,55.929,92.57,22.174,10.412,29.21,0.82,1.307,8.685,38.35,56.1,2.026,3.697,21.57,74.806,0.055,58.425
870,121110,92.705,22.997,10.351,28.282,0.804,1.198,10.256,44.857,50.011,1.723,3.507,17.079,79.415,0.06,56.718,11,3,2,10,94,ID_2020,ID,2020,ID_2020,92.828,22.439,10.827,28.654,0.868,1.361,9.661,41.796,52.075,1.869,3.914,19.662,76.596,0.055,55.929,92.57,22.174,10.412,29.21,0.82,1.307,8.685,38.35,56.1,2.026,3.697,21.57,74.806,0.055,58.425
871,121111,92.678,21.509,11.055,27.649,0.855,1.347,10.017,45.996,47.651,2.084,3.896,17.066,79.079,0.061,56.654,11,3,3,11,146,ID_2020,ID,2020,ID_2020,92.828,22.439,10.827,28.654,0.868,1.361,9.661,41.796,52.075,1.869,3.914,19.662,76.596,0.055,55.929,92.57,22.174,10.412,29.21,0.82,1.307,8.685,38.35,56.1,2.026,3.697,21.57,74.806,0.055,58.425
872,121112,92.653,19.764,10.2,32.908,0.894,1.272,8.799,45.041,48.737,1.935,4.5,18.515,77.186,0.056,56.075,11,3,4,12,18,ID_2020,ID,2020,ID_2020,92.828,22.439,10.827,28.654,0.868,1.361,9.661,41.796,52.075,1.869,3.914,19.662,76.596,0.055,55.929,92.57,22.174,10.412,29.21,0.82,1.307,8.685,38.35,56.1,2.026,3.697,21.57,74.806,0.055,58.425
873,121113,92.436,22.481,10.839,27.944,0.807,1.187,9.961,44.673,49.983,1.847,3.662,16.845,79.405,0.063,58.707,11,4,1,13,55,ID_2020,ID,2020,ID_2020,92.828,22.439,10.827,28.654,0.868,1.361,9.661,41.796,52.075,1.869,3.914,19.662,76.596,0.055,55.929,92.57,22.174,10.412,29.21,0.82,1.307,8.685,38.35,56.1,2.026,3.697,21.57,74.806,0.055,58.425
874,121114,92.76,24.212,10.828,26.648,0.838,1.352,10.333,40.759,53.948,1.812,3.456,19.905,76.819,0.056,56.96,11,4,2,14,31,ID_2020,ID,2020,ID_2020,92.828,22.439,10.827,28.654,0.868,1.361,9.661,41.796,52.075,1.869,3.914,19.662,76.596,0.055,55.929,92.57,22.174,10.412,29.21,0.82,1.307,8.685,38.35,56.1,2.026,3.697,21.57,74.806,0.055,58.425
875,121115,92.486,22.38,10.363,29.642,0.823,1.198,9.486,43.101,51.514,1.607,3.847,18.458,77.715,0.059,57.157,11,4,3,15,24,ID_2020,ID,2020,ID_2020,92.828,22.439,10.827,28.654,0.868,1.361,9.661,41.796,52.075,1.869,3.914,19.662,76.596,0.055,55.929,92.57,22.174,10.412,29.21,0.82,1.307,8.685,38.35,56.1,2.026,3.697,21.57,74.806,0.055,58.425
876,121116,92.376,23.821,10.599,26.883,0.817,1.274,10.108,41.175,53.681,1.751,3.63,18.572,77.727,0.062,57.826,11,4,4,16,99,ID_2020,ID,2020,ID_2020,92.828,22.439,10.827,28.654,0.868,1.361,9.661,41.796,52.075,1.869,3.914,19.662,76.596,0.055,55.929,92.57,22.174,10.412,29.21,0.82,1.307,8.685,38.35,56.1,2.026,3.697,21.57,74.806,0.055,58.425
877,121117,92.742,23.912,10.938,25.615,0.828,1.266,10.63,42.911,51.913,1.698,3.382,18.062,78.666,0.06,58.327,11,5,1,17,137,ID_2020,ID,2020,ID_2020,92.828,22.439,10.827,28.654,0.868,1.361,9.661,41.796,52.075,1.869,3.914,19.662,76.596,0.055,55.929,92.57,22.174,10.412,29.21,0.82,1.307,8.685,38.35,56.1,2.026,3.697,21.57,74.806,0.055,58.425
878,121118,92.66,22.957,10.889,27.174,0.805,1.283,10.375,44.859,49.64,1.851,3.586,17.109,79.206,0.064,56.926,11,5,2,18,67,ID_2020,ID,2020,ID_2020,92.828,22.439,10.827,28.654,0.868,1.361,9.661,41.796,52.075,1.869,3.914,19.662,76.596,0.055,55.929,92.57,22.174,10.412,29.21,0.82,1.307,8.685,38.35,56.1,2.026,3.697,21.57,74.806,0.055,58.425
879,121119,92.1,25.4,10.715,24.716,0.752,1.163,10.597,39.851,56.103,1.569,2.765,20.036,77.167,0.057,57.962,11,5,3,19,50,ID_2020,ID,2020,ID_2020,92.828,22.439,10.827,28.654,0.868,1.361,9.661,41.796,52.075,1.869,3.914,19.662,76.596,0.055,55.929,92.57,22.174,10.412,29.21,0.82,1.307,8.685,38.35,56.1,2.026,3.697,21.57,74.806,0.055,58.425
880,121120,92.55,23.306,10.637,26.798,0.799,1.192,10.355,43.982,50.941,1.594,3.516,17.102,79.436,0.063,57.613,11,5,4,20,32,ID_2020,ID,2020,ID_2020,92.828,22.439,10.827,28.654,0.868,1.361,9.661,41.796,52.075,1.869,3.914,19.662,76.596,0.055,55.929,92.57,22.174,10.412,29.21,0.82,1.307,8.685,38.35,56.1,2.026,3.697,21.57,74.806,0.055,58.425
1539,21001,NA,NA,NA,NA,NA,NA,NA,NA,NA,NA,NA,NA,NA,NA,NA,10,1,1,1,105,ID_2020,ID,2020,ID_2020,92.327,23.87,10.829,27.755,0.793,1.21,9.262,37.425,57.725,1.851,3.382,21.21,75.428,0.056,56.566,92.474,23.775,11.324,26.676,0.842,1.212,9.595,38.975,55.916,1.867,3.493,20.153,76.321,0.056,55.714
1540,20801,NA,NA,NA,NA,NA,NA,NA,NA,NA,NA,NA,NA,NA,NA,NA,8,1,1,1,135,ID_2020,ID,2020,ID_2020,92.35,22.455,10.811,27.494,0.789,1.239,11.352,50.898,43.714,1.695,3.575,14.419,81.9,0.064,56.622,92.515,23.888,11.017,26.655,0.809,1.236,11.7,48.503,46.936,1.572,3.155,15.571,81.106,0.058,56.328
